,0,1,2,3,4,5,6,7,8,9,10,11,12,13,14,15,16,17,18,19,20,21,22,23,24,25,26,27,28,29,30,31,32,33,34,35,36,37,38,39,40,41,42,43,44,45,46,47,48,49,50,51,52,53,54,55,56,57,58,59,60,61,62,63,64,65,66,67,68,69,70,71,72,73,74,75,76,77,78,79,80,81,82,83,84,85,86,87,88,89,90,91,92,93,94,95,96,97,98,99,100,101,102,103,104,105,106,107,108,109,110,111,112,113,114,115,116,117,118,119,120,121,122,123,124,125,126,127,128,129,130,131,132,133,134,135,136,137,138,139,140,141,142,143,144,145,146,147,148,149,150,151,152,153,154,155,156,157,158,159,160,161,162,163,164,165,166,167,168,169,170,171,172,173,174,175,176,177,178,179
0,0.9992193,1.0,0.9931073,0.99346733,0.9877106,0.9821933,0.97796065,0.9788076,0.98501307,0.9884968,0.99221003,0.99314284,3.3721506e-10,3.3721265e-10,3.3720873e-10,3.372032e-10,3.37196e-10,3.3718736e-10,3.3717706e-10,3.3716518e-10,3.371518e-10,3.3713676e-10,3.3712025e-10,3.3710207e-10,3.3708233e-10,3.3706096e-10,3.370381e-10,3.3701358e-10,3.3698755e-10,3.3695985e-10,3.3693068e-10,3.3689992e-10,3.368676e-10,3.368337e-10,3.3679812e-10,3.36761e-10,3.3672234e-10,3.366821e-10,3.3664024e-10,3.3659686e-10,3.3655187e-10,3.3650532e-10,3.3645725e-10,3.364076e-10,3.363564e-10,3.3630349e-10,3.3624906e-10,3.3619316e-10,3.3613562e-10,3.3607644e-10,3.3601588e-10,3.3595357e-10,3.3588973e-10,3.347507e-10,3.3013617e-10,3.3943737e-10,3.497353e-10,3.3450273e-10,3.319181e-10,3.289894e-10,3.2575093e-10,3.304561e-10,3.6720652e-10,3.1934405e-10,3.149304e-10,3.660649e-10,3.2025144e-10,3.275749e-10,3.5089634e-10,3.144796e-10,3.5363035e-10,3.2137193e-10,3.3429454e-10,3.436739e-10,3.2087571e-10,3.331045e-10,3.45844e-10,3.2765435e-10,3.3003153e-10,3.3162253e-10,3.3249098e-10,3.3269662e-10,3.3229527e-10,3.3133915e-10,3.2987701e-10,3.2795433e-10,3.3140166e-10,3.3712222e-10,3.226786e-10,3.3167596e-10,3.296209e-10,3.2772043e-10,3.2578443e-10,3.3354947e-10,3.233469e-10,3.2524022e-10,3.2635436e-10,3.2775435e-10,3.245914e-10,3.265257e-10,3.2426428e-10,3.2234265e-10,3.199928e-10,3.2485245e-10,3.1984013e-10,3.2132205e-10,3.1648223e-10,3.2286007e-10,3.1683528e-10,3.1636566e-10,3.1572261e-10,3.144773e-10,3.126836e-10,3.1613384e-10,3.091726e-10,3.1123804e-10,3.0703012e-10,3.099524e-10,3.0565714e-10,3.04347e-10,3.0273095e-10,3.0210634e-10,3.0045588e-10,2.9654296e-10,2.9773878e-10,2.9393726e-10,2.9205882e-10,2.901535e-10,2.8765496e-10,2.859984e-10,2.8337394e-10,2.808244e-10,2.77883e-10,2.7554334e-10,2.7259023e-10,2.6908586e-10,2.6747737e-10,2.6273506e-10,2.6003028e-10,2.5668345e-10,-1084.4043,15.357592,-10.460121,6.0995417,-3.2409148,1.3292344,-0.24247876,-0.4545899,0.71362007,-0.8828479,0.7633982,-0.71233016,0.4677864,-0.3569644,0.105173096,-0.039508622,-0.1535718,0.1615673,-0.26363367,0.21015257,-0.2550007,0.13682908,-0.16664414,0.032918796,-0.0351338,-0.06542116,0.040066846,-0.1498009,0.066386566,-0.14408931,0.07172341,-0.09812635,0.0044909455,-0.06899643,-0.060939357,0.004858285,-0.08284229,0.027805388,-0.10650736,0.021806788
1,0.9992194,1.0,0.9931074,0.99346745,0.98771065,0.98219323,0.9779601,0.97880775,0.985013,0.98849684,0.9922102,0.99314284,1.6477211e-09,1.6477095e-09,1.6476902e-09,1.6476632e-09,1.6476288e-09,1.6475858e-09,1.6475354e-09,1.6474779e-09,1.6474121e-09,1.6473388e-09,1.6472579e-09,1.6471691e-09,1.6470724e-09,1.6469685e-09,1.6468568e-09,1.6467372e-09,1.6466096e-09,1.6464745e-09,1.6463318e-09,1.6461814e-09,1.6460233e-09,1.6458575e-09,1.6456839e-09,1.6455025e-09,1.6453141e-09,1.6451168e-09,1.6449127e-09,1.6447003e-09,1.6444809e-09,1.6442536e-09,1.6440187e-09,1.6437757e-09,1.6435254e-09,1.643267e-09,1.6430011e-09,1.642728e-09,1.6424467e-09,1.6421581e-09,1.6418615e-09,1.6415572e-09,1.6412456e-09,1.6356795e-09,1.6131323e-09,1.6585802e-09,1.7088988e-09,1.6344682e-09,1.6218391e-09,1.6075288e-09,1.5917045e-09,1.6146954e-09,1.7942677e-09,1.5603989e-09,1.5388324e-09,1.7886893e-09,1.5648325e-09,1.6006171e-09,1.7145717e-09,1.53663e-09,1.7279307e-09,1.5703077e-09,1.633451e-09,1.6792809e-09,1.567883e-09,1.6276358e-09,1.6898847e-09,1.6010051e-09,1.6126207e-09,1.6203946e-09,1.6246382e-09,1.6256433e-09,1.6236821e-09,1.61901e-09,1.6118654e-09,1.6024706e-09,1.6193156e-09,1.6472677e-09,1.5766924e-09,1.6206559e-09,1.6106145e-09,1.601328e-09,1.5918682e-09,1.6298104e-09,1.5799578e-09,1.5892092e-09,1.5946535e-09,1.6014938e-09,1.5860389e-09,1.5954902e-09,1.5844406e-09,1.575051e-09,1.5635689e-09,1.5873144e-09,1.5628228e-09,1.5700639e-09,1.5464152e-09,1.5775791e-09,1.5481404e-09,1.5458458e-09,1.5427039e-09,1.5366187e-09,1.5278541e-09,1.544713e-09,1.5106985e-09,1.5207908e-09,1.5002299e-09,1.514509e-09,1.4935209e-09,1.4871193e-09,1.479223e-09,1.476171e-09,1.4681063e-09,1.4489865e-09,1.4548298e-09,1.4362548e-09,1.4270761e-09,1.4177662e-09,1.4055576e-09,1.3974633e-09,1.3846394e-09,1.3721819e-09,1.3578093e-09,1.3463771e-09,1.3319474e-09,1.3148242e-09,1.3069648e-09,1.2837925e-09,1.2705762e-09,1.2542226e-09,-1011.4898,22.415058,-17.333845,12.675116,-9.415621,7.015871,-5.372229,4.069877,-3.1785502,2.371118,-1.8666086,1.3258861,-1.0259345,0.65138656,-0.48497793,0.2038352,-0.12215957,-0.0754526,0.11534785,-0.25497591,0.24982524,-0.37130922,0.31866562,-0.41298586,0.36333692,-0.4153619,0.34575868,-0.41897786,0.3084622,-0.3686395,0.2871325,-0.3106176,0.21767935,-0.28351653,0.15287963,-0.20399767,0.115128666,-0.15255032,0.049497813,-0.10389441
2,0.99921924,1.0,0.9931074,0.9934674,0.98771065,0.98219335,0.97796,0.97880757,0.985013,0.9884967,0.99221,0.9931426,1.4016506e-08,1.4016407e-08,1.4016242e-08,1.4016012e-08,1.4015717e-08,1.4015355e-08,1.4014926e-08,1.4014439e-08,1.4013878e-08,1.401325e-08,1.4012563e-08,1.4011806e-08,1.4010987e-08,1.4010102e-08,1.4009151e-08,1.4008136e-08,1.40070515e-08,1.4005902e-08,1.4004685e-08,1.4003408e-08,1.40020635e-08,1.4000656e-08,1.3999174e-08,1.3997636e-08,1.3996025e-08,1.3994354e-08,1.3992612e-08,1.3990808e-08,1.39889424e-08,1.3987006e-08,1.3985009e-08,1.3982943e-08,1.398081e-08,1.39786165e-08,1.3976358e-08,1.3974029e-08,1.397164e-08,1.39691805e-08,1.396666e-08,1.3964072e-08,1.396142e-08,1.3914073e-08,1.372227e-08,1.4108879e-08,1.4536919e-08,1.3903767e-08,1.37963365e-08,1.3674603e-08,1.3539994e-08,1.3735569e-08,1.5263115e-08,1.327369e-08,1.3090231e-08,1.5215665e-08,1.3311405e-08,1.3615808e-08,1.4585176e-08,1.3071496e-08,1.4698813e-08,1.3357976e-08,1.38951135e-08,1.4284971e-08,1.3337356e-08,1.384565e-08,1.4375172e-08,1.3619111e-08,1.3717918e-08,1.37840495e-08,1.3820148e-08,1.3828696e-08,1.3812013e-08,1.377227e-08,1.3711496e-08,1.36315785e-08,1.3774873e-08,1.4012648e-08,1.3412293e-08,1.378627e-08,1.3700853e-08,1.3621859e-08,1.3541388e-08,1.38641445e-08,1.3440071e-08,1.3518767e-08,1.3565078e-08,1.3623264e-08,1.3491798e-08,1.3572198e-08,1.34782026e-08,1.339833e-08,1.3300657e-08,1.350265e-08,1.3294308e-08,1.3355906e-08,1.3154736e-08,1.3419835e-08,1.31694105e-08,1.314989e-08,1.3123164e-08,1.30714e-08,1.2996843e-08,1.3140257e-08,1.2850908e-08,1.2936759e-08,1.2761854e-08,1.2883321e-08,1.2704785e-08,1.2650329e-08,1.2583158e-08,1.2557196e-08,1.2488593e-08,1.232595e-08,1.2375656e-08,1.2217645e-08,1.2139565e-08,1.20603705e-08,1.1956516e-08,1.1887661e-08,1.1778574e-08,1.1672602e-08,1.155034e-08,1.1453091e-08,1.1330345e-08,1.1184684e-08,1.1117827e-08,1.092071e-08,1.0808284e-08,1.066917e-08,-908.44073,25.439644,-20.348976,15.674614,-12.393314,9.965721,-8.288338,6.94654,-6.0102406,5.1525517,-4.592743,3.9919815,-3.627521,3.184339,-2.9454834,2.5884578,-2.4277916,2.1484995,-2.0245914,1.7989855,-1.7166014,1.5064148,-1.4695655,1.2853366,-1.2450507,1.1033902,-1.0840307,0.92287326,-0.94676435,0.8015721,-0.79997945,0.6955576,-0.71002126,0.5682239,-0.62575614,0.50453126,-0.5264168,0.42524886,-0.46788073,0.35651392
3,0.99921936,1.0,0.99310726,0.99346733,0.98771054,0.9821933,0.9779603,0.97880757,0.98501307,0.9884968,0.99221003,0.9931427,2.4511801e-09,2.4511626e-09,2.451134e-09,2.4510938e-09,2.4510416e-09,2.4509788e-09,2.450904e-09,2.450818e-09,2.4507205e-09,2.4506115e-09,2.4504907e-09,2.4503588e-09,2.450215e-09,2.4500604e-09,2.4498943e-09,2.4497162e-09,2.4495264e-09,2.4493254e-09,2.4491131e-09,2.4488895e-09,2.4486544e-09,2.4484077e-09,2.4481495e-09,2.44788e-09,2.4475986e-09,2.4473057e-09,2.447002e-09,2.4466864e-09,2.4463598e-09,2.4460216e-09,2.4456717e-09,2.4453106e-09,2.444938e-09,2.4445541e-09,2.4441587e-09,2.443752e-09,2.443334e-09,2.4429037e-09,2.4424627e-09,2.4420104e-09,2.441547e-09,2.4332671e-09,2.3997249e-09,2.467334e-09,2.5421885e-09,2.4314648e-09,2.4126774e-09,2.3913889e-09,2.367849e-09,2.4020506e-09,2.669185e-09,2.3212774e-09,2.2891953e-09,2.6608868e-09,2.327873e-09,2.3811069e-09,2.5506282e-09,2.2859186e-09,2.570501e-09,2.3360178e-09,2.4299511e-09,2.498129e-09,2.3324114e-09,2.4213007e-09,2.5139029e-09,2.3816842e-09,2.3989641e-09,2.4105287e-09,2.4168416e-09,2.4183362e-09,2.4154188e-09,2.408469e-09,2.3978406e-09,2.3838647e-09,2.4089233e-09,2.4505054e-09,2.3455162e-09,2.410917e-09,2.3959792e-09,2.3821647e-09,2.368092e-09,2.4245352e-09,2.3503741e-09,2.3641364e-09,2.3722353e-09,2.3824112e-09,2.3594204e-09,2.37348e-09,2.3570426e-09,2.3430746e-09,2.3259936e-09,2.3613178e-09,2.3248834e-09,2.3356557e-09,2.3004754e-09,2.3468356e-09,2.3030418e-09,2.299628e-09,2.2949544e-09,2.285902e-09,2.2728637e-09,2.2979432e-09,2.2473428e-09,2.2623559e-09,2.231769e-09,2.2530109e-09,2.221789e-09,2.2122657e-09,2.2005189e-09,2.1959785e-09,2.1839817e-09,2.1555389e-09,2.1642315e-09,2.1365985e-09,2.1229443e-09,2.1090951e-09,2.090933e-09,2.0788917e-09,2.0598148e-09,2.0412827e-09,2.0199016e-09,2.0028952e-09,1.9814292e-09,1.9559563e-09,1.9442643e-09,1.909793e-09,1.8901323e-09,1.8658044e-09,-992.62256,23.329803,-18.243507,13.576382,-10.305206,7.890564,-6.228944,4.9056454,-3.9905114,3.1566346,-2.623146,2.051159,-1.7178535,1.3080659,-1.104766,0.7853458,-0.66420776,0.42626822,-0.34537542,0.16434453,-0.12796049,-0.035000816,0.02344691,-0.15827802,0.14830543,-0.23901129,0.20683935,-0.31604505,0.23989962,-0.33268476,0.28185868,-0.33399922,0.26749915,-0.3576108,0.2489197,-0.3195821,0.24785925,-0.30002624,0.20932218,-0.2736673
4,0.9992193,1.0,0.99310744,0.9934674,0.9877107,0.98219347,0.9779603,0.9788077,0.9850131,0.98849684,0.9922101,0.99314284,2.1374558e-09,2.1374407e-09,2.1374156e-09,2.1373807e-09,2.1373354e-09,2.1372806e-09,2.1372153e-09,2.13714e-09,2.1370552e-09,2.1369602e-09,2.136855e-09,2.13674e-09,2.1366144e-09,2.1364794e-09,2.1363344e-09,2.1361792e-09,2.1360143e-09,2.1358386e-09,2.1356534e-09,2.1354585e-09,2.1352535e-09,2.1350386e-09,2.134813e-09,2.1345783e-09,2.1343325e-09,2.1340776e-09,2.1338122e-09,2.1335373e-09,2.1332522e-09,2.1329576e-09,2.132653e-09,2.1323376e-09,2.1320126e-09,2.131678e-09,2.1313329e-09,2.1309785e-09,2.1306141e-09,2.1302387e-09,2.1298545e-09,2.12946e-09,2.1290554e-09,2.1218354e-09,2.0925865e-09,2.1515425e-09,2.2168167e-09,2.1202642e-09,2.1038813e-09,2.0853173e-09,2.0647901e-09,2.094614e-09,2.3275588e-09,2.0241795e-09,1.9962032e-09,2.3203224e-09,2.0299307e-09,2.0763513e-09,2.2241755e-09,1.9933462e-09,2.241505e-09,2.0370332e-09,2.1189446e-09,2.1783957e-09,2.0338882e-09,2.1114008e-09,2.192151e-09,2.076855e-09,2.091923e-09,2.1020075e-09,2.1075122e-09,2.1088158e-09,2.1062716e-09,2.1002111e-09,2.0909432e-09,2.078756e-09,2.1006077e-09,2.1368676e-09,2.045316e-09,2.1023463e-09,2.0893203e-09,2.0772737e-09,2.0650026e-09,2.1142212e-09,2.0495519e-09,2.061553e-09,2.0686153e-09,2.0774888e-09,2.0574404e-09,2.0697009e-09,2.0553668e-09,2.043187e-09,2.0282922e-09,2.0590951e-09,2.027324e-09,2.0367172e-09,2.0060398e-09,2.046466e-09,2.0082775e-09,2.0053008e-09,2.0012254e-09,1.9933315e-09,1.981962e-09,2.0038318e-09,1.9597073e-09,1.9727993e-09,1.946127e-09,1.9646502e-09,1.9374244e-09,1.92912e-09,1.9188766e-09,1.9149176e-09,1.9044557e-09,1.8796533e-09,1.8872335e-09,1.8631374e-09,1.8512307e-09,1.8391539e-09,1.8233166e-09,1.8128163e-09,1.796181e-09,1.7800208e-09,1.7613765e-09,1.7465465e-09,1.7278281e-09,1.7056154e-09,1.69542e-09,1.6653605e-09,1.648216e-09,1.6270019e-09,-999.14154,23.032883,-17.947998,13.283209,-10.015291,7.604801,-5.948202,4.6307793,-3.7223234,2.8959208,-2.3706534,1.807554,-1.4837682,1.0841336,-0.89149904,0.5832457,-0.4736262,0.24765286,-0.17896776,0.010387734,0.013386622,-0.16364068,0.13934189,-0.26144892,0.23886997,-0.3170937,0.27266914,-0.36989936,0.28214023,-0.36366343,0.30201706,-0.34380287,0.26752734,-0.34836686,0.23101883,-0.29366952,0.21458317,-0.26007962,0.16338752,-0.22246017
5,0.99921924,1.0,0.9931075,0.9934675,0.98771083,0.9821936,0.97796154,0.9788081,0.98501307,0.9884969,0.99221,0.9931428,7.004485e-11,7.004435e-11,7.0043533e-11,7.004238e-11,7.0040904e-11,7.003909e-11,7.0036976e-11,7.003451e-11,7.003171e-11,7.0028594e-11,7.002515e-11,7.00214e-11,7.001729e-11,7.001284e-11,7.00081e-11,7.0003024e-11,6.99976e-11,6.999185e-11,6.998579e-11,6.99794e-11,6.997267e-11,6.9965624e-11,6.995825e-11,6.9950545e-11,6.994251e-11,6.9934135e-11,6.9925454e-11,6.991645e-11,6.9907115e-11,6.989745e-11,6.988746e-11,6.9877125e-11,6.986648e-11,6.9855524e-11,6.9844214e-11,6.983258e-11,6.982063e-11,6.980834e-11,6.9795746e-11,6.978283e-11,6.976957e-11,6.953297e-11,6.8574466e-11,7.050647e-11,7.26455e-11,6.9481455e-11,6.894459e-11,6.833625e-11,6.766357e-11,6.864091e-11,7.6274556e-11,6.633277e-11,6.541597e-11,7.603741e-11,6.652124e-11,6.8042454e-11,7.2886676e-11,6.5322345e-11,7.345456e-11,6.675399e-11,6.943823e-11,7.1386466e-11,6.665093e-11,6.919103e-11,7.1837224e-11,6.805894e-11,6.855273e-11,6.88832e-11,6.906359e-11,6.910631e-11,6.902295e-11,6.882435e-11,6.852062e-11,6.812125e-11,6.8837325e-11,7.002557e-11,6.702541e-11,6.889429e-11,6.8467426e-11,6.8072666e-11,6.7670536e-11,6.9283454e-11,6.716422e-11,6.75575e-11,6.778893e-11,6.807972e-11,6.7422734e-11,6.782451e-11,6.735478e-11,6.695563e-11,6.646754e-11,6.7476955e-11,6.643581e-11,6.674363e-11,6.573832e-11,6.7063105e-11,6.581166e-11,6.5714115e-11,6.558054e-11,6.5321866e-11,6.494929e-11,6.5665966e-11,6.422e-11,6.464902e-11,6.377497e-11,6.438198e-11,6.348978e-11,6.321765e-11,6.2881964e-11,6.275223e-11,6.24094e-11,6.159662e-11,6.1845015e-11,6.105538e-11,6.06652e-11,6.026944e-11,5.975045e-11,5.9406355e-11,5.8861215e-11,5.833164e-11,5.7720655e-11,5.7234675e-11,5.6621274e-11,5.5893356e-11,5.555925e-11,5.4574196e-11,5.401237e-11,5.3317177e-11,-1131.3708,0.0,0.0,0.0,0.0,0.0,0.0,0.0,0.0,0.0,0.0,0.0,0.0,0.0,0.0,0.0,0.0,0.0,0.0,0.0,0.0,0.0,0.0,0.0,0.0,0.0,0.0,0.0,0.0,0.0,0.0,0.0,0.0,0.0,0.0,0.0,0.0,0.0,0.0,0.0
6,0.99921936,1.0,0.99310744,0.99346745,0.98771065,0.98219347,0.97796005,0.9788076,0.985013,0.9884969,0.99221003,0.9931427,3.2510488e-09,3.2510257e-09,3.2509877e-09,3.2509346e-09,3.2508658e-09,3.2507819e-09,3.250683e-09,3.250568e-09,3.250439e-09,3.250295e-09,3.2501346e-09,3.2499594e-09,3.2497687e-09,3.2495642e-09,3.249343e-09,3.2491065e-09,3.2488556e-09,3.2485892e-09,3.2483074e-09,3.2480112e-09,3.2476986e-09,3.2473713e-09,3.2470289e-09,3.2466712e-09,3.2462983e-09,3.24591e-09,3.2455072e-09,3.245089e-09,3.2446557e-09,3.2442073e-09,3.243743e-09,3.2432645e-09,3.2427703e-09,3.2422613e-09,3.2417358e-09,3.2411964e-09,3.2406415e-09,3.2400718e-09,3.2394873e-09,3.2388874e-09,3.2382719e-09,3.2272904e-09,3.1828031e-09,3.2724743e-09,3.3717555e-09,3.2249003e-09,3.199982e-09,3.171746e-09,3.1405245e-09,3.1858867e-09,3.540193e-09,3.0787572e-09,3.036205e-09,3.5291867e-09,3.0875047e-09,3.15811e-09,3.3829488e-09,3.0318594e-09,3.409307e-09,3.0983074e-09,3.2228937e-09,3.313318e-09,3.0935234e-09,3.2114196e-09,3.3342396e-09,3.1588758e-09,3.1817937e-09,3.1971314e-09,3.2055045e-09,3.2074874e-09,3.2036183e-09,3.1944003e-09,3.1803031e-09,3.1617668e-09,3.195003e-09,3.2501541e-09,3.1109049e-09,3.197647e-09,3.1778344e-09,3.1595118e-09,3.1408476e-09,3.2157093e-09,3.1173482e-09,3.1356016e-09,3.1463427e-09,3.1598393e-09,3.129346e-09,3.147994e-09,3.1261926e-09,3.1076666e-09,3.0850118e-09,3.1318628e-09,3.0835394e-09,3.0978264e-09,3.0511662e-09,3.1126546e-09,3.0545702e-09,3.0500424e-09,3.0438434e-09,3.0318372e-09,3.014544e-09,3.0478078e-09,2.9806952e-09,3.0006078e-09,2.9600398e-09,2.9882132e-09,2.9468028e-09,2.9341722e-09,2.9185923e-09,2.9125702e-09,2.8966582e-09,2.858934e-09,2.870463e-09,2.8338132e-09,2.8157032e-09,2.7973344e-09,2.7732459e-09,2.7572753e-09,2.7319733e-09,2.7073936e-09,2.6790359e-09,2.6564797e-09,2.6280091e-09,2.594224e-09,2.5787168e-09,2.5329965e-09,2.50692e-09,2.4746534e-09,-979.11316,23.847767,-18.759605,14.0894,-10.81394,8.393795,-6.725498,5.39438,-4.47034,3.6264782,-3.0819983,2.4980364,-2.151832,1.7283049,-1.5104502,1.1757572,-1.0386715,0.78417313,-0.6862061,0.48762673,-0.43329102,0.25212216,-0.24521905,0.09176594,-0.08303715,-0.026373792,0.012834821,-0.14053607,0.08268153,-0.19348966,0.16033962,-0.22974558,0.18004252,-0.28643775,0.19345102,-0.279221,0.22193472,-0.2878238,0.210107,-0.28666398
7,0.9992192,1.0,0.9931071,0.99346715,0.9877105,0.9821932,0.9779599,0.9788074,0.9850128,0.98849654,0.99220985,0.99314255,5.9100497e-10,5.910008e-10,5.90994e-10,5.9098426e-10,5.9097166e-10,5.9095645e-10,5.9093846e-10,5.9091776e-10,5.908942e-10,5.908679e-10,5.908388e-10,5.908069e-10,5.907724e-10,5.907351e-10,5.906949e-10,5.90652e-10,5.9060634e-10,5.905579e-10,5.905067e-10,5.9045274e-10,5.90396e-10,5.9033667e-10,5.902742e-10,5.9020927e-10,5.901416e-10,5.90071e-10,5.8999766e-10,5.8992156e-10,5.898428e-10,5.8976124e-10,5.89677e-10,5.8959e-10,5.8950006e-10,5.8940736e-10,5.893121e-10,5.8921396e-10,5.891132e-10,5.890095e-10,5.889032e-10,5.887941e-10,5.886823e-10,5.8668603e-10,5.7859867e-10,5.948998e-10,6.129481e-10,5.862515e-10,5.817216e-10,5.7658867e-10,5.70913e-10,5.791594e-10,6.435683e-10,5.5968424e-10,5.519488e-10,6.415674e-10,5.6127447e-10,5.7410965e-10,6.1498306e-10,5.5115873e-10,6.197745e-10,5.6323823e-10,5.858867e-10,6.0232497e-10,5.623687e-10,5.8380084e-10,6.0612826e-10,5.742489e-10,5.784152e-10,5.8120353e-10,5.827256e-10,5.8308597e-10,5.8238264e-10,5.807069e-10,5.781443e-10,5.7477456e-10,5.808165e-10,5.908424e-10,5.655284e-10,5.8129723e-10,5.7769556e-10,5.743647e-10,5.7097177e-10,5.845808e-10,5.666997e-10,5.700179e-10,5.719706e-10,5.744242e-10,5.6888083e-10,5.722708e-10,5.683075e-10,5.6493965e-10,5.6082133e-10,5.6933835e-10,5.605537e-10,5.6315086e-10,5.5466864e-10,5.658465e-10,5.5528726e-10,5.544643e-10,5.533374e-10,5.511548e-10,5.480111e-10,5.54058e-10,5.4185767e-10,5.454776e-10,5.381028e-10,5.4322435e-10,5.356964e-10,5.3340027e-10,5.3056803e-10,5.2947335e-10,5.2658067e-10,5.197228e-10,5.218187e-10,5.151562e-10,5.1186394e-10,5.085247e-10,5.041457e-10,5.0124244e-10,4.966427e-10,4.921745e-10,4.8701937e-10,4.829188e-10,4.7774323e-10,4.716014e-10,4.6878246e-10,4.6047102e-10,4.557306e-10,4.4986484e-10,-1059.229,18.700512,-13.674871,9.10754,-5.9734163,3.730458,-2.2719722,1.179506,-0.5187361,-0.04189732,0.28790307,-0.5631497,0.5953202,-0.70429593,0.61173093,-0.64441806,0.49185127,-0.47231746,0.3149141,-0.2790273,0.121484555,-0.11457361,-0.042370938,0.028586928,-0.1358594,0.11991108,-0.20575747,0.13102016,-0.2245515,0.13437983,-0.17542818,0.103565045,-0.14271706,0.019941159,-0.09271082,-0.015273601,-0.019367158,-0.068312675,0.010507852,-0.104382135
8,0.99921936,1.0,0.9931074,0.99346745,0.98771065,0.9821935,0.9779615,0.97880805,0.9850131,0.9884968,0.99221003,0.99314284,4.830891e-10,4.8308574e-10,4.8307996e-10,4.830721e-10,4.83062e-10,4.830496e-10,4.830348e-10,4.830178e-10,4.829987e-10,4.8297705e-10,4.829533e-10,4.829273e-10,4.82899e-10,4.8286847e-10,4.828357e-10,4.8280063e-10,4.8276333e-10,4.8272375e-10,4.8268184e-10,4.826377e-10,4.8259136e-10,4.825428e-10,4.824918e-10,4.8243876e-10,4.823834e-10,4.823256e-10,4.822658e-10,4.822036e-10,4.821391e-10,4.820726e-10,4.820036e-10,4.819325e-10,4.81859e-10,4.817833e-10,4.8170534e-10,4.816252e-10,4.815428e-10,4.8145804e-10,4.8137117e-10,4.8128196e-10,4.8119064e-10,4.795588e-10,4.729481e-10,4.862729e-10,5.010256e-10,4.7920357e-10,4.7550086e-10,4.7130533e-10,4.666659e-10,4.734065e-10,5.2605453e-10,4.574875e-10,4.511645e-10,5.2441906e-10,4.5878734e-10,4.6927884e-10,5.026888e-10,4.5051876e-10,5.066055e-10,4.6039253e-10,4.789054e-10,4.923421e-10,4.5968174e-10,4.7720045e-10,4.9545096e-10,4.6939264e-10,4.7279824e-10,4.7507737e-10,4.763216e-10,4.766162e-10,4.760412e-10,4.746714e-10,4.7257676e-10,4.698224e-10,4.747611e-10,4.8295623e-10,4.622645e-10,4.7515397e-10,4.7221e-10,4.6948734e-10,4.667139e-10,4.7783794e-10,4.632219e-10,4.659343e-10,4.675304e-10,4.695359e-10,4.6500476e-10,4.677757e-10,4.6453616e-10,4.6178328e-10,4.5841686e-10,4.6537874e-10,4.5819815e-10,4.6032114e-10,4.533877e-10,4.6252452e-10,4.5389342e-10,4.5322066e-10,4.5229956e-10,4.5051549e-10,4.479458e-10,4.5288862e-10,4.42916e-10,4.458749e-10,4.3984671e-10,4.440332e-10,4.378798e-10,4.3600293e-10,4.336878e-10,4.3279305e-10,4.3042855e-10,4.2482295e-10,4.2653608e-10,4.210901e-10,4.1839907e-10,4.1566958e-10,4.1209017e-10,4.0971704e-10,4.059572e-10,4.0230483e-10,3.98091e-10,3.9473924e-10,3.9050868e-10,3.8548836e-10,3.8318412e-10,3.763903e-10,3.725155e-10,3.6772083e-10,-1068.3839,17.647339,-12.651602,8.1329565,-5.0646734,2.9024777,-1.5369784,0.5466299,0.006203072,-0.45645326,0.59310985,-0.7632555,0.6975249,-0.7184969,0.5498625,-0.5200429,0.31948084,-0.2669744,0.091308564,-0.051165484,-0.09788184,0.08527156,-0.21366598,0.16458528,-0.2321809,0.17462489,-0.21918091,0.105644494,-0.16463894,0.045774862,-0.06502412,-0.021082463,-0.011642132,-0.10982994,0.028697953,-0.12209092,0.067836285,-0.13221446,0.048877046,-0.11652538
9,0.9992193,1.0,0.9931073,0.9934672,0.9877106,0.9821934,0.97796005,0.97880757,0.985013,0.9884967,0.9922101,0.99314266,1.9847791e-10,1.9847653e-10,1.9847415e-10,1.9847093e-10,1.9846677e-10,1.9846164e-10,1.9845556e-10,1.9844855e-10,1.984407e-10,1.9843184e-10,1.9842208e-10,1.9841138e-10,1.9839978e-10,1.9838722e-10,1.9837378e-10,1.9835934e-10,1.9834402e-10,1.9832777e-10,1.9831053e-10,1.9829248e-10,1.9827337e-10,1.982534e-10,1.982325e-10,1.9821067e-10,1.9818794e-10,1.9816422e-10,1.9813963e-10,1.9811407e-10,1.9808759e-10,1.9806021e-10,1.980319e-10,1.9800267e-10,1.979725e-10,1.9794139e-10,1.9790938e-10,1.9787642e-10,1.978426e-10,1.9780774e-10,1.9777205e-10,1.9773541e-10,1.9769789e-10,1.9702746e-10,1.9431147e-10,1.9978594e-10,2.0584712e-10,1.968815e-10,1.9536024e-10,1.9363644e-10,1.9173035e-10,1.9449974e-10,2.1613028e-10,1.8795941e-10,1.8536161e-10,2.1545837e-10,1.8849347e-10,1.9280394e-10,2.0653049e-10,1.8509633e-10,2.0813964e-10,1.8915297e-10,1.9675897e-10,2.0227948e-10,1.8886094e-10,1.9605852e-10,2.0355674e-10,1.9285071e-10,1.9424987e-10,1.9518627e-10,1.9569743e-10,1.9581847e-10,1.9558223e-10,1.950195e-10,1.9415887e-10,1.930272e-10,1.9505626e-10,1.984233e-10,1.8992208e-10,1.9521773e-10,1.9400817e-10,1.9288958e-10,1.917501e-10,1.9632043e-10,1.9031543e-10,1.914298e-10,1.9208557e-10,1.9290952e-10,1.9104791e-10,1.9218639e-10,1.9085539e-10,1.8972436e-10,1.8834127e-10,1.9120153e-10,1.8825139e-10,1.8912363e-10,1.86275e-10,1.9002888e-10,1.8648277e-10,1.8620638e-10,1.8582794e-10,1.8509494e-10,1.840392e-10,1.8606994e-10,1.819727e-10,1.8318838e-10,1.807117e-10,1.824317e-10,1.7990356e-10,1.7913244e-10,1.7818128e-10,1.7781365e-10,1.7684221e-10,1.7453913e-10,1.7524299e-10,1.730055e-10,1.7189988e-10,1.7077846e-10,1.6930786e-10,1.6833283e-10,1.6678814e-10,1.6528753e-10,1.6355628e-10,1.6217921e-10,1.6044108e-10,1.5837848e-10,1.5743176e-10,1.5464052e-10,1.5304855e-10,1.5107865e-10,-1107.0287,10.664475,-6.177773,2.451057,-0.38063285,-0.67108405,0.9114699,-0.85291606,0.5068176,-0.25755265,-0.08392382,0.17535931,-0.3133238,0.21817929,-0.21667418,0.030284466,-0.011429555,-0.12745927,0.09730303,-0.15180591,0.051763836,-0.07934658,-0.0541607,0.017656654,-0.096463084,0.04466693,-0.090284534,-0.02311104,-0.040361896,-0.06513487,0.021142766,-0.071548715,-0.0044103004,-0.071846806,-0.050278455,-0.0121695995,-0.059008628,-0.003983587,-0.0663643,-0.025259357
10,0.99921936,1.0,0.9931074,0.9934674,0.98771065,0.98219347,0.97796035,0.97880757,0.98501307,0.98849684,0.9922101,0.9931427,2.7714948e-09,2.7714753e-09,2.771443e-09,2.771398e-09,2.7713385e-09,2.7712674e-09,2.771183e-09,2.7710858e-09,2.7709752e-09,2.770852e-09,2.7707154e-09,2.7705667e-09,2.7704044e-09,2.7702283e-09,2.7700406e-09,2.7698397e-09,2.7696252e-09,2.769398e-09,2.7691573e-09,2.7689055e-09,2.768639e-09,2.7683602e-09,2.768068e-09,2.7677638e-09,2.7674458e-09,2.767114e-09,2.7667708e-09,2.7664138e-09,2.7660452e-09,2.7656626e-09,2.7652671e-09,2.7648588e-09,2.7644376e-09,2.7640028e-09,2.763556e-09,2.7630962e-09,2.7626235e-09,2.7621367e-09,2.761638e-09,2.7611275e-09,2.7606026e-09,2.7512406e-09,2.7133154e-09,2.78976e-09,2.8743967e-09,2.7492033e-09,2.7279603e-09,2.70389e-09,2.677274e-09,2.715945e-09,3.0179885e-09,2.6246174e-09,2.5883424e-09,3.0086056e-09,2.6320746e-09,2.6922649e-09,2.8839386e-09,2.5846374e-09,2.9064084e-09,2.6412836e-09,2.7474922e-09,2.8245788e-09,2.6372056e-09,2.7377114e-09,2.8424143e-09,2.6929172e-09,2.7124551e-09,2.725531e-09,2.7326688e-09,2.7343594e-09,2.7310607e-09,2.723202e-09,2.7111846e-09,2.695383e-09,2.7237166e-09,2.770732e-09,2.6520235e-09,2.7259706e-09,2.7090805e-09,2.693461e-09,2.6775493e-09,2.7413685e-09,2.657516e-09,2.6730766e-09,2.6822338e-09,2.6937395e-09,2.6677442e-09,2.6836413e-09,2.665056e-09,2.6492626e-09,2.6299491e-09,2.66989e-09,2.6286944e-09,2.6408737e-09,2.6010962e-09,2.6535147e-09,2.6039981e-09,2.6001385e-09,2.5948537e-09,2.5846183e-09,2.5698763e-09,2.5982332e-09,2.5410203e-09,2.5579956e-09,2.5234117e-09,2.5474294e-09,2.5121276e-09,2.50136e-09,2.488078e-09,2.4829443e-09,2.4693796e-09,2.4372198e-09,2.4470483e-09,2.4158047e-09,2.4003661e-09,2.3847069e-09,2.3641715e-09,2.3505566e-09,2.3289868e-09,2.3080329e-09,2.283858e-09,2.264629e-09,2.2403581e-09,2.2115567e-09,2.1983366e-09,2.1593607e-09,2.1371305e-09,2.1096236e-09,-986.7709,23.588093,-18.500618,13.831545,-10.55765,8.139553,-6.4737377,5.1455216,-4.2248325,3.3846831,-2.8443415,2.2649202,-1.9236104,1.505363,-1.2931389,0.96435964,-0.8335241,0.5855676,-0.494416,0.30289188,-0.25589496,0.0822175,-0.08298543,-0.06258648,0.06332642,-0.16461793,0.14285743,-0.26227736,0.19608727,-0.29853716,0.2570187,-0.31808117,0.26011252,-0.35825425,0.25714225,-0.3348722,0.2696951,-0.32784766,0.24255027,-0.31173557
11,0.99921936,1.0,0.9931073,0.9934674,0.98771065,0.9821936,0.97796106,0.9788078,0.985013,0.9884967,0.99221003,0.99314266,6.654641e-10,6.654593e-10,6.6545147e-10,6.654407e-10,6.654267e-10,6.6540945e-10,6.6538924e-10,6.653657e-10,6.6533934e-10,6.653098e-10,6.652769e-10,6.65241e-10,6.65202e-10,6.6516004e-10,6.651148e-10,6.6506656e-10,6.650151e-10,6.649605e-10,6.649029e-10,6.648421e-10,6.6477823e-10,6.647113e-10,6.6464123e-10,6.6456796e-10,6.6449163e-10,6.6441225e-10,6.6432987e-10,6.642442e-10,6.641553e-10,6.640636e-10,6.639686e-10,6.6387057e-10,6.637694e-10,6.636652e-10,6.635579e-10,6.634475e-10,6.633339e-10,6.632171e-10,6.6309735e-10,6.6297456e-10,6.628488e-10,6.606008e-10,6.5149464e-10,6.698495e-10,6.901718e-10,6.6011163e-10,6.550111e-10,6.4923145e-10,6.4284056e-10,6.521258e-10,7.246496e-10,6.301971e-10,6.214872e-10,7.223967e-10,6.319879e-10,6.464401e-10,6.9246286e-10,6.205977e-10,6.978581e-10,6.3419897e-10,6.597007e-10,6.7821004e-10,6.332198e-10,6.573522e-10,6.8249256e-10,6.465969e-10,6.51288e-10,6.544276e-10,6.5614153e-10,6.5654737e-10,6.557554e-10,6.5386857e-10,6.5098305e-10,6.4718875e-10,6.5399197e-10,6.652809e-10,6.367777e-10,6.545332e-10,6.504778e-10,6.4672734e-10,6.429068e-10,6.582303e-10,6.3809646e-10,6.4183286e-10,6.440315e-10,6.4679423e-10,6.405525e-10,6.443695e-10,6.399069e-10,6.361148e-10,6.3147754e-10,6.4106764e-10,6.3117617e-10,6.341006e-10,6.2454963e-10,6.371358e-10,6.252464e-10,6.2431965e-10,6.230507e-10,6.2059313e-10,6.170534e-10,6.238622e-10,6.1012473e-10,6.142007e-10,6.058968e-10,6.116636e-10,6.031873e-10,6.006019e-10,5.974128e-10,5.9618016e-10,5.9292304e-10,5.852012e-10,5.8756117e-10,5.800592e-10,5.7635224e-10,5.725923e-10,5.676616e-10,5.6439253e-10,5.5921334e-10,5.5418214e-10,5.483775e-10,5.4376037e-10,5.379328e-10,5.310172e-10,5.27843e-10,5.184844e-10,5.1314675e-10,5.0654203e-10,-1053.806,19.27194,-14.232593,9.64288,-6.478299,4.197753,-2.6955144,1.5543826,-0.8413595,0.22637369,0.07474795,-0.40436116,0.4888453,-0.6468383,0.5988517,-0.67078805,0.5513467,-0.5584496,0.42078742,-0.3977823,0.24642865,-0.23938693,0.076624975,-0.07962744,-0.042539615,0.044577453,-0.15054297,0.09701423,-0.21183893,0.14208561,-0.20186888,0.14629968,-0.19879167,0.08593921,-0.16498518,0.059545696,-0.09307614,0.0009086728,-0.051201284,-0.05268525
12,0.99921936,1.0,0.99310744,0.9934674,0.98771083,0.98219395,0.97796303,0.97880846,0.985013,0.9884967,0.99221003,0.9931426,2.0303981e-10,2.0303835e-10,2.0303595e-10,2.0303262e-10,2.0302837e-10,2.0302317e-10,2.0301698e-10,2.0300986e-10,2.0300175e-10,2.0299266e-10,2.0298269e-10,2.0297174e-10,2.0295987e-10,2.0294706e-10,2.029333e-10,2.0291854e-10,2.0290283e-10,2.0288618e-10,2.0286861e-10,2.0285008e-10,2.0283057e-10,2.0281012e-10,2.0278876e-10,2.0276643e-10,2.0274314e-10,2.0271887e-10,2.026937e-10,2.0266758e-10,2.0264054e-10,2.0261248e-10,2.0258352e-10,2.0255363e-10,2.0252275e-10,2.0249091e-10,2.0245819e-10,2.0242454e-10,2.0238985e-10,2.0235424e-10,2.023177e-10,2.0228026e-10,2.0224183e-10,2.0155595e-10,1.9877756e-10,2.0437788e-10,2.1057835e-10,2.0140668e-10,1.9985047e-10,1.980871e-10,1.9613716e-10,1.9897024e-10,2.210979e-10,1.9227954e-10,1.8962201e-10,2.2041052e-10,1.9282587e-10,1.9723538e-10,2.1127743e-10,1.8935062e-10,2.129236e-10,1.9350052e-10,2.0128138e-10,2.0692875e-10,1.9320179e-10,2.0056483e-10,2.0823539e-10,1.9728326e-10,1.9871459e-10,1.9967251e-10,2.0019542e-10,2.0031923e-10,2.0007757e-10,1.9950189e-10,1.9862151e-10,1.9746382e-10,1.9953955e-10,2.0298391e-10,1.942873e-10,1.9970468e-10,1.9846733e-10,1.9732305e-10,1.9615737e-10,2.0083273e-10,1.9468971e-10,1.9582969e-10,1.9650054e-10,1.9734345e-10,1.9543903e-10,1.9660366e-10,1.9524206e-10,1.9408505e-10,1.9267019e-10,1.955962e-10,1.9257823e-10,1.9347052e-10,1.9055643e-10,1.9439661e-10,1.9076897e-10,1.9048622e-10,1.900991e-10,1.8934923e-10,1.8826922e-10,1.9034668e-10,1.8615524e-10,1.8739885e-10,1.8486525e-10,1.8662479e-10,1.8403856e-10,1.8324972e-10,1.8227668e-10,1.819006e-10,1.8090685e-10,1.7855083e-10,1.7927085e-10,1.7698194e-10,1.7585092e-10,1.7470371e-10,1.731993e-10,1.7220189e-10,1.7062166e-10,1.690866e-10,1.6731554e-10,1.6590682e-10,1.6412874e-10,1.6201872e-10,1.6105026e-10,1.5819485e-10,1.5656629e-10,1.5455112e-10,-1106.0945,10.911032,-6.392638,2.6185136,-0.49204102,-0.61618274,0.90601534,-0.8839891,0.558289,-0.313109,-0.037967093,0.1479831,-0.30789506,0.2326139,-0.244667,0.06331955,-0.040885545,-0.10825846,0.09192015,-0.16007622,0.070302375,-0.10263572,-0.03228956,0.002447791,-0.091101885,0.049734507,-0.10367905,-0.0053177327,-0.05782567,-0.052339233,0.0158602,-0.074648626,0.0057408363,-0.08610088,-0.03574428,-0.023338974,-0.05381769,-0.0022084117,-0.07428923,-0.013499111
13,0.9992193,1.0,0.99310744,0.99346733,0.9877106,0.9821933,0.97796,0.97880745,0.98501295,0.9884967,0.9922099,0.9931426,2.8302555e-08,2.830235e-08,2.8302019e-08,2.8301558e-08,2.8300953e-08,2.8300226e-08,2.8299366e-08,2.8298365e-08,2.8297242e-08,2.8295982e-08,2.829459e-08,2.8293064e-08,2.8291408e-08,2.828962e-08,2.8287701e-08,2.828565e-08,2.8283461e-08,2.8281136e-08,2.8278686e-08,2.8276101e-08,2.8273387e-08,2.8270538e-08,2.8267554e-08,2.8264445e-08,2.82612e-08,2.8257817e-08,2.8254311e-08,2.825067e-08,2.8246896e-08,2.8242987e-08,2.8238953e-08,2.8234782e-08,2.8230474e-08,2.8226046e-08,2.822148e-08,2.8216785e-08,2.8211952e-08,2.8206985e-08,2.82019e-08,2.8196677e-08,2.8191323e-08,2.8095716e-08,2.7708422e-08,2.8489074e-08,2.9353384e-08,2.8074904e-08,2.7857975e-08,2.7612172e-08,2.7340366e-08,2.773527e-08,3.0819745e-08,2.6802635e-08,2.6432195e-08,3.072393e-08,2.6878787e-08,2.749345e-08,2.9450831e-08,2.6394364e-08,2.968029e-08,2.6972833e-08,2.8057435e-08,2.8844646e-08,2.6931188e-08,2.7957553e-08,2.9026786e-08,2.7500121e-08,2.7699638e-08,2.783317e-08,2.7906058e-08,2.7923317e-08,2.7889632e-08,2.7809387e-08,2.7686664e-08,2.7525292e-08,2.7814632e-08,2.8294759e-08,2.7082505e-08,2.7837654e-08,2.7665177e-08,2.7505665e-08,2.734318e-08,2.7994897e-08,2.7138595e-08,2.7297505e-08,2.7391016e-08,2.7508513e-08,2.7243049e-08,2.7405388e-08,2.7215595e-08,2.7054313e-08,2.6857089e-08,2.7264957e-08,2.6844269e-08,2.696865e-08,2.656244e-08,2.709774e-08,2.6592074e-08,2.6552657e-08,2.649869e-08,2.6394169e-08,2.6243619e-08,2.6533202e-08,2.5948943e-08,2.6122294e-08,2.5769122e-08,2.601439e-08,2.5653886e-08,2.5543926e-08,2.540829e-08,2.5355867e-08,2.5217343e-08,2.488893e-08,2.4989298e-08,2.4670236e-08,2.4512577e-08,2.4352666e-08,2.414296e-08,2.4003926e-08,2.3783652e-08,2.356967e-08,2.3322796e-08,2.3126429e-08,2.2878574e-08,2.2584452e-08,2.244945e-08,2.2051426e-08,2.1824412e-08,2.154351e-08,-874.1827,25.821112,-20.730366,16.055841,-12.774353,10.346475,-8.668781,7.3266115,-6.3898716,5.531713,-4.971369,4.3699865,-4.0048647,3.560979,-3.3213315,2.963498,-2.8018904,2.5217094,-2.396801,2.1701455,-2.0866694,1.8752908,-1.8372214,1.6517282,-1.6100981,1.4670594,-1.4462674,1.283604,-1.3059286,1.1591489,-1.1558974,1.0497683,-1.0624236,0.9188516,-0.9744979,0.8513597,-0.871282,0.7680656,-0.8086413,0.69512045
14,0.9992196,1.0,0.99310744,0.9934675,0.9877107,0.98219347,0.9779606,0.9788077,0.9850132,0.9884969,0.99221015,0.9931428,1.6671295e-10,1.6671177e-10,1.667098e-10,1.6670708e-10,1.6670357e-10,1.6669927e-10,1.6669419e-10,1.666883e-10,1.6668168e-10,1.6667429e-10,1.6666604e-10,1.6665708e-10,1.6664735e-10,1.666368e-10,1.6662548e-10,1.6661336e-10,1.6660053e-10,1.6658681e-10,1.6657237e-10,1.6655718e-10,1.6654114e-10,1.6652436e-10,1.6650677e-10,1.6648846e-10,1.664694e-10,1.6644948e-10,1.6642879e-10,1.664073e-10,1.6638511e-10,1.6636208e-10,1.6633832e-10,1.6631374e-10,1.6628843e-10,1.6626227e-10,1.6623539e-10,1.6620771e-10,1.6617929e-10,1.6615007e-10,1.6612009e-10,1.6608928e-10,1.6605775e-10,1.6549463e-10,1.6321332e-10,1.6781163e-10,1.7290278e-10,1.6537202e-10,1.6409424e-10,1.6264634e-10,1.610453e-10,1.6337146e-10,1.815402e-10,1.5787784e-10,1.5569579e-10,1.8097582e-10,1.5832644e-10,1.6194703e-10,1.7347672e-10,1.5547297e-10,1.748284e-10,1.5888038e-10,1.6526912e-10,1.6990612e-10,1.586351e-10,1.6468078e-10,1.7097893e-10,1.6198631e-10,1.6316157e-10,1.639481e-10,1.6437743e-10,1.6447912e-10,1.6428071e-10,1.6380802e-10,1.6308514e-10,1.6213461e-10,1.6383891e-10,1.6666707e-10,1.5952642e-10,1.6397453e-10,1.6295856e-10,1.6201898e-10,1.6106186e-10,1.6490075e-10,1.598568e-10,1.6079282e-10,1.6134365e-10,1.6203575e-10,1.6047207e-10,1.614283e-10,1.6031033e-10,1.5936033e-10,1.5819862e-10,1.6060112e-10,1.581231e-10,1.5885573e-10,1.5646302e-10,1.5961613e-10,1.5663756e-10,1.5640539e-10,1.560875e-10,1.5547183e-10,1.5458504e-10,1.5629079e-10,1.5284927e-10,1.5387039e-10,1.5179008e-10,1.5323481e-10,1.511113e-10,1.504636e-10,1.4966464e-10,1.4935586e-10,1.4853989e-10,1.466054e-10,1.4719662e-10,1.4531723e-10,1.4438853e-10,1.4344659e-10,1.4221134e-10,1.4139237e-10,1.4009488e-10,1.3883444e-10,1.3738027e-10,1.3622359e-10,1.3476363e-10,1.3303114e-10,1.3223593e-10,1.298914e-10,1.2855422e-10,1.2689959e-10,-1114.0707,8.616446,-4.4447355,1.1777419,0.37075412,-0.92702556,0.7745544,-0.47423393,0.050367374,0.13451736,-0.31750506,0.21670239,-0.18594718,-0.013148249,0.03641411,-0.16937433,0.08589114,-0.10917334,-0.015388973,0.010309752,-0.10675778,0.030429803,-0.089685105,-0.022148564,-0.002018785,-0.07055879,0.009967517,-0.08121089,-0.03617859,-0.020611957,-0.053444665,0.007958941,-0.06533706,-0.04481273,-0.039764702,-0.052589476,-0.004014969,-0.055890113,-0.031990767,-0.034542702
15,0.9992193,1.0,0.9931072,0.99346733,0.98771054,0.98219335,0.9779604,0.9788077,0.98501307,0.9884968,0.99221003,0.99314266,2.851505e-09,2.851484e-09,2.8514513e-09,2.8514047e-09,2.8513443e-09,2.8512712e-09,2.8511837e-09,2.8510838e-09,2.8509703e-09,2.8508433e-09,2.8507037e-09,2.8505494e-09,2.8503833e-09,2.8502025e-09,2.850009e-09,2.849802e-09,2.8495815e-09,2.849348e-09,2.849101e-09,2.84884e-09,2.848567e-09,2.8482803e-09,2.8479792e-09,2.8476659e-09,2.8473388e-09,2.846998e-09,2.8466443e-09,2.8462777e-09,2.845897e-09,2.845504e-09,2.845097e-09,2.844677e-09,2.8442433e-09,2.8437972e-09,2.843337e-09,2.8428635e-09,2.8423774e-09,2.841877e-09,2.8413643e-09,2.840838e-09,2.8402982e-09,2.8306661e-09,2.7916456e-09,2.870297e-09,2.957377e-09,2.8285698e-09,2.8067138e-09,2.781948e-09,2.7545641e-09,2.7943519e-09,3.1051144e-09,2.700387e-09,2.6630649e-09,3.0954608e-09,2.70806e-09,2.769988e-09,2.9671952e-09,2.6592533e-09,2.9903138e-09,2.7175346e-09,2.826809e-09,2.9061218e-09,2.7133393e-09,2.8167462e-09,2.9244718e-09,2.7706595e-09,2.7907614e-09,2.8042142e-09,2.8115577e-09,2.813297e-09,2.8099032e-09,2.8018183e-09,2.7894536e-09,2.773196e-09,2.8023472e-09,2.85072e-09,2.7285842e-09,2.8046663e-09,2.7872886e-09,2.7712181e-09,2.754848e-09,2.8205087e-09,2.7342355e-09,2.7502458e-09,2.759667e-09,2.7715048e-09,2.7447595e-09,2.7611153e-09,2.7419933e-09,2.7257436e-09,2.7058733e-09,2.7469662e-09,2.7045821e-09,2.7171134e-09,2.6761873e-09,2.7301188e-09,2.6791727e-09,2.6752018e-09,2.6697646e-09,2.6592335e-09,2.6440659e-09,2.6732412e-09,2.614377e-09,2.6318423e-09,2.59626e-09,2.620971e-09,2.5846503e-09,2.5735716e-09,2.5599065e-09,2.5546245e-09,2.540668e-09,2.50758e-09,2.5176918e-09,2.4855464e-09,2.4696623e-09,2.4535507e-09,2.4324227e-09,2.4184148e-09,2.3962223e-09,2.3746636e-09,2.3497908e-09,2.3300066e-09,2.305035e-09,2.2754019e-09,2.2618005e-09,2.2216993e-09,2.1988273e-09,2.170526e-09,-985.4053,23.634396,-18.5468,13.877524,-10.603361,8.184879,-6.518631,5.189907,-4.2686024,3.427808,-2.8867245,2.3064823,-1.9643172,1.5451111,-1.3318816,1.0020721,-0.87007487,0.62098986,-0.52861404,0.33584636,-0.28754047,0.112519935,-0.11191243,-0.03506186,0.037232853,-0.13995624,0.119660944,-0.24055424,0.1758844,-0.27980497,0.23976263,-0.30233267,0.24584755,-0.3454525,0.24579702,-0.32494777,0.26117164,-0.3207115,0.23675582,-0.3072694
16,0.9992194,1.0,0.99310756,0.99346757,0.9877107,0.9821936,0.9779602,0.9788075,0.985013,0.9884969,0.99221027,0.99314284,7.682905e-08,7.682849e-08,7.6827604e-08,7.6826346e-08,7.682471e-08,7.682275e-08,7.68204e-08,7.6817685e-08,7.681464e-08,7.6811226e-08,7.680743e-08,7.68033e-08,7.6798806e-08,7.679395e-08,7.678873e-08,7.678315e-08,7.677722e-08,7.6770924e-08,7.676425e-08,7.675727e-08,7.674986e-08,7.674214e-08,7.673404e-08,7.67256e-08,7.6716795e-08,7.6707614e-08,7.66981e-08,7.66882e-08,7.6677956e-08,7.6667355e-08,7.6656406e-08,7.664508e-08,7.663341e-08,7.6621355e-08,7.660897e-08,7.6596216e-08,7.658311e-08,7.6569656e-08,7.6555814e-08,7.6541625e-08,7.65271e-08,7.626758e-08,7.521624e-08,7.733537e-08,7.9681605e-08,7.621108e-08,7.562222e-08,7.495497e-08,7.421713e-08,7.528914e-08,8.366212e-08,7.275742e-08,7.175184e-08,8.3402036e-08,7.2964156e-08,7.4632695e-08,7.994611e-08,7.164915e-08,8.056901e-08,7.321943e-08,7.616365e-08,7.8300594e-08,7.3106406e-08,7.589253e-08,7.879502e-08,7.465079e-08,7.519241e-08,7.555489e-08,7.575275e-08,7.5799605e-08,7.5708165e-08,7.549032e-08,7.5157175e-08,7.4719125e-08,7.5504566e-08,7.680789e-08,7.351715e-08,7.556706e-08,7.509886e-08,7.466585e-08,7.422477e-08,7.59939e-08,7.366941e-08,7.410078e-08,7.435462e-08,7.467358e-08,7.3952954e-08,7.439364e-08,7.3878425e-08,7.3440624e-08,7.2905245e-08,7.401243e-08,7.287045e-08,7.3208085e-08,7.210541e-08,7.3558496e-08,7.218584e-08,7.207885e-08,7.193235e-08,7.1648614e-08,7.1239945e-08,7.202604e-08,7.0440024e-08,7.09106e-08,6.9951895e-08,7.061769e-08,6.963908e-08,6.9340594e-08,6.89724e-08,6.883009e-08,6.8454064e-08,6.756256e-08,6.783501e-08,6.69689e-08,6.654093e-08,6.6106836e-08,6.553758e-08,6.516015e-08,6.4562215e-08,6.3981346e-08,6.331119e-08,6.277814e-08,6.210532e-08,6.1306906e-08,6.094044e-08,5.985997e-08,5.9243735e-08,5.8481206e-08,-825.1916,25.929169,-20.838396,16.163837,-12.882286,10.454357,-8.776566,7.434292,-6.497439,5.639133,-5.0786104,4.4770837,-4.111794,3.6676793,-3.427829,3.069737,-2.9079483,2.627448,-2.5022562,2.275297,-2.1914988,1.9797924,-1.9413899,1.7555187,-1.7135258,1.5700891,-1.5488772,1.3857987,-1.4077053,1.2604494,-1.2567382,1.1501036,-1.1622869,1.0181868,-1.0733113,0.94961584,-0.9689688,0.865201,-0.90516794,0.7910601
17,0.9992192,1.0,0.9931074,0.99346745,0.9877108,0.982194,0.9779637,0.9788084,0.9850129,0.9884967,0.99221,0.99314255,3.8439318e-11,3.8439037e-11,3.843859e-11,3.843796e-11,3.843715e-11,3.8436164e-11,3.8434984e-11,3.8433645e-11,3.843211e-11,3.84304e-11,3.8428503e-11,3.8426436e-11,3.8424184e-11,3.8421752e-11,3.841914e-11,3.841636e-11,3.841338e-11,3.8410233e-11,3.84069e-11,3.840339e-11,3.839971e-11,3.839584e-11,3.839178e-11,3.8387557e-11,3.8383154e-11,3.8378557e-11,3.837379e-11,3.836885e-11,3.8363722e-11,3.8358417e-11,3.835294e-11,3.834727e-11,3.8341427e-11,3.8335408e-11,3.83292e-11,3.8322824e-11,3.831627e-11,3.8309526e-11,3.8302608e-11,3.8295513e-11,3.828824e-11,3.81584e-11,3.7632397e-11,3.869264e-11,3.986651e-11,3.8130138e-11,3.783551e-11,3.7501665e-11,3.7132505e-11,3.766886e-11,4.185806e-11,3.640219e-11,3.5899072e-11,4.1727927e-11,3.6505625e-11,3.7340426e-11,3.9998855e-11,3.584769e-11,4.0310505e-11,3.6633353e-11,3.810641e-11,3.9175566e-11,3.6576783e-11,3.797075e-11,3.9422934e-11,3.7349485e-11,3.7620462e-11,3.7801817e-11,3.7900818e-11,3.7924257e-11,3.7878506e-11,3.7769517e-11,3.7602844e-11,3.7383676e-11,3.777665e-11,3.8428732e-11,3.6782303e-11,3.780791e-11,3.7573656e-11,3.7357017e-11,3.7136336e-11,3.8021475e-11,3.6858475e-11,3.7074302e-11,3.7201305e-11,3.7360885e-11,3.7000347e-11,3.7220827e-11,3.696305e-11,3.6744007e-11,3.647615e-11,3.7030094e-11,3.645874e-11,3.6627666e-11,3.607597e-11,3.680299e-11,3.6116214e-11,3.606268e-11,3.5989385e-11,3.5847426e-11,3.564296e-11,3.603626e-11,3.5242743e-11,3.5478186e-11,3.499852e-11,3.5331633e-11,3.4842015e-11,3.4692672e-11,3.450846e-11,3.443726e-11,3.424912e-11,3.380308e-11,3.39394e-11,3.350606e-11,3.3291935e-11,3.307475e-11,3.2789937e-11,3.2601106e-11,3.230194e-11,3.2011324e-11,3.167603e-11,3.140933e-11,3.1072707e-11,3.067324e-11,3.048989e-11,2.9949307e-11,2.964099e-11,2.925948e-11,-1131.3708,0.0,0.0,0.0,0.0,0.0,0.0,0.0,0.0,0.0,0.0,0.0,0.0,0.0,0.0,0.0,0.0,0.0,0.0,0.0,0.0,0.0,0.0,0.0,0.0,0.0,0.0,0.0,0.0,0.0,0.0,0.0,0.0,0.0,0.0,0.0,0.0,0.0,0.0,0.0
18,0.99921924,1.0,0.9931073,0.9934674,0.9877106,0.98219335,0.9779602,0.97880745,0.9850131,0.9884968,0.99221003,0.99314266,3.3086078e-08,3.308584e-08,3.308546e-08,3.3084916e-08,3.308421e-08,3.308336e-08,3.3082355e-08,3.3081186e-08,3.3079875e-08,3.3078404e-08,3.3076777e-08,3.307499e-08,3.3073054e-08,3.3070958e-08,3.306872e-08,3.3066314e-08,3.3063756e-08,3.3061045e-08,3.305818e-08,3.305516e-08,3.3051975e-08,3.304865e-08,3.304517e-08,3.3041523e-08,3.3037733e-08,3.3033782e-08,3.302969e-08,3.3025422e-08,3.3021017e-08,3.301645e-08,3.3011727e-08,3.3006852e-08,3.300182e-08,3.2996642e-08,3.2991306e-08,3.2985813e-08,3.2980168e-08,3.2974363e-08,3.2968412e-08,3.29623e-08,3.295604e-08,3.2844284e-08,3.2391533e-08,3.3304122e-08,3.4314514e-08,3.2819955e-08,3.2566362e-08,3.2279008e-08,3.1961264e-08,3.2422925e-08,3.602871e-08,3.1332654e-08,3.0899606e-08,3.5916706e-08,3.142168e-08,3.214023e-08,3.4428428e-08,3.0855375e-08,3.469667e-08,3.1531616e-08,3.279953e-08,3.3719793e-08,3.1482934e-08,3.2682767e-08,3.3932714e-08,3.2148023e-08,3.2381262e-08,3.2537365e-08,3.2622566e-08,3.264275e-08,3.2603374e-08,3.250956e-08,3.23661e-08,3.2177446e-08,3.2515693e-08,3.307697e-08,3.1659823e-08,3.254261e-08,3.2340978e-08,3.2154507e-08,3.1964557e-08,3.2726426e-08,3.17254e-08,3.1911163e-08,3.2020477e-08,3.2157836e-08,3.1847502e-08,3.2037285e-08,3.181541e-08,3.162687e-08,3.139631e-08,3.1873114e-08,3.1381322e-08,3.1526724e-08,3.105186e-08,3.1677633e-08,3.10865e-08,3.1040425e-08,3.097734e-08,3.085515e-08,3.0679157e-08,3.101768e-08,3.0334675e-08,3.0537322e-08,3.0124465e-08,3.0411186e-08,2.998975e-08,2.986121e-08,2.9702651e-08,2.9641365e-08,2.9479429e-08,2.9095506e-08,2.9212837e-08,2.883985e-08,2.8655544e-08,2.8468605e-08,2.8223456e-08,2.806092e-08,2.7803422e-08,2.7553273e-08,2.7264672e-08,2.703512e-08,2.6745376e-08,2.6401539e-08,2.6243718e-08,2.5778423e-08,2.5513044e-08,2.5184665e-08,-866.5697,25.90587,-20.815104,16.140545,-12.85902,10.431101,-8.753329,7.411081,-6.4742527,5.615972,-5.0554905,4.45399,-4.088726,3.6446695,-3.404879,3.046839,-2.885075,2.6046512,-2.4795332,2.2526283,-2.1688838,1.9572649,-1.9189348,1.7331456,-1.6912506,1.5478791,-1.5267558,1.3637704,-1.3857682,1.238615,-1.2349946,1.128474,-1.1407759,0.99677926,-1.0520234,0.9284301,-0.94789827,0.8442526,-0.8843533,0.77036494
19,0.9992194,1.0,0.99310726,0.99346745,0.98771054,0.9821933,0.9779601,0.9788075,0.9850131,0.98849684,0.99221015,0.9931428,2.0018833e-09,2.0018691e-09,2.0018458e-09,2.001813e-09,2.0017707e-09,2.001719e-09,2.001658e-09,2.0015878e-09,2.001508e-09,2.0014188e-09,2.0013202e-09,2.0012125e-09,2.0010953e-09,2.0009687e-09,2.0008326e-09,2.0006878e-09,2.000533e-09,2.0003688e-09,2.0001953e-09,2.0000128e-09,1.9998208e-09,1.9996191e-09,1.999408e-09,1.999188e-09,1.9989583e-09,1.9987196e-09,1.9984707e-09,1.9982132e-09,1.9979467e-09,1.99767e-09,1.997385e-09,1.9970896e-09,1.9967852e-09,1.996472e-09,1.996149e-09,1.9958166e-09,1.9954751e-09,1.995124e-09,1.994764e-09,1.9943949e-09,1.994016e-09,1.9872533e-09,1.9598598e-09,2.015076e-09,2.0762099e-09,1.9857818e-09,1.970438e-09,1.9530515e-09,1.9338262e-09,1.9617592e-09,2.1799282e-09,1.8957917e-09,1.8695898e-09,2.1731512e-09,1.9011785e-09,1.9446544e-09,2.0831026e-09,1.866914e-09,2.0993327e-09,1.90783e-09,1.9845459e-09,2.0402264e-09,1.9048847e-09,1.9774806e-09,2.0531092e-09,1.945126e-09,1.9592385e-09,1.968683e-09,1.9738386e-09,1.9750594e-09,1.9726771e-09,1.9670008e-09,1.9583208e-09,1.9469066e-09,1.9673725e-09,2.0013324e-09,1.9155877e-09,1.9690005e-09,1.9568005e-09,1.9455184e-09,1.9340254e-09,1.9801225e-09,1.919555e-09,1.9307946e-09,1.937409e-09,1.9457198e-09,1.926943e-09,1.9384259e-09,1.925001e-09,1.9135933e-09,1.899643e-09,1.9284927e-09,1.8987367e-09,1.9075341e-09,1.8788024e-09,1.916665e-09,1.8808985e-09,1.8781106e-09,1.8742934e-09,1.8669002e-09,1.8562518e-09,1.8767345e-09,1.8354089e-09,1.8476705e-09,1.8226901e-09,1.8400383e-09,1.8145392e-09,1.8067617e-09,1.797168e-09,1.7934599e-09,1.7836619e-09,1.7604325e-09,1.7675318e-09,1.744964e-09,1.7338126e-09,1.7225018e-09,1.7076688e-09,1.6978347e-09,1.6822544e-09,1.6671193e-09,1.6496575e-09,1.6357682e-09,1.6182371e-09,1.5974333e-09,1.5878844e-09,1.5597315e-09,1.5436745e-09,1.523806e-09,-1002.26056,22.89082,-17.806602,13.14293,-9.87658,7.4680624,-5.813878,4.499263,-3.5940325,2.7711883,-2.2498257,1.6909943,-1.3718002,0.9769931,-0.78947234,0.4865266,-0.38248172,0.1621842,-0.09935346,-0.06327495,0.08102582,-0.22518215,0.19477789,-0.31081688,0.28220373,-0.35446006,0.30418622,-0.395686,0.30234283,-0.37848106,0.3116548,-0.34850594,0.26752806,-0.34393626,0.22246195,-0.28126878,0.1986683,-0.24096248,0.14141364,-0.19795412
20,0.9992193,1.0,0.9931072,0.9934673,0.9877106,0.9821933,0.9779599,0.9788075,0.98501295,0.9884967,0.99221003,0.99314255,1.8542591e-10,1.8542455e-10,1.8542239e-10,1.8541937e-10,1.8541546e-10,1.8541067e-10,1.8540505e-10,1.8539846e-10,1.8539109e-10,1.8538286e-10,1.8537373e-10,1.8536375e-10,1.853529e-10,1.8534117e-10,1.853286e-10,1.8531512e-10,1.8530076e-10,1.8528562e-10,1.8526952e-10,1.8525262e-10,1.8523479e-10,1.8521613e-10,1.851966e-10,1.851762e-10,1.8515499e-10,1.8513278e-10,1.8510983e-10,1.8508596e-10,1.8506126e-10,1.8503567e-10,1.850092e-10,1.849819e-10,1.8495369e-10,1.8492466e-10,1.8489474e-10,1.84864e-10,1.8483234e-10,1.847998e-10,1.8476645e-10,1.8473224e-10,1.8469716e-10,1.8407081e-10,1.8153345e-10,1.8664789e-10,1.9231046e-10,1.8393448e-10,1.8251325e-10,1.8090279e-10,1.7912205e-10,1.8170936e-10,2.0191745e-10,1.755991e-10,1.7317214e-10,2.0128972e-10,1.7609804e-10,1.8012503e-10,1.9294893e-10,1.7292429e-10,1.9445223e-10,1.7671416e-10,1.8382001e-10,1.8897744e-10,1.764413e-10,1.831656e-10,1.9017075e-10,1.8016871e-10,1.8147588e-10,1.8235072e-10,1.8282825e-10,1.829413e-10,1.8272063e-10,1.8219488e-10,1.8139085e-10,1.8033364e-10,1.8222927e-10,1.8537483e-10,1.7743265e-10,1.8238008e-10,1.8125007e-10,1.8020505e-10,1.791405e-10,1.834103e-10,1.7780016e-10,1.7884126e-10,1.7945391e-10,1.802237e-10,1.7848448e-10,1.7954807e-10,1.7830462e-10,1.77248e-10,1.7595585e-10,1.7862803e-10,1.7587187e-10,1.7668675e-10,1.7402545e-10,1.7753247e-10,1.7421958e-10,1.7396135e-10,1.7360777e-10,1.72923e-10,1.7193666e-10,1.7383389e-10,1.7000606e-10,1.7114181e-10,1.6882798e-10,1.7043489e-10,1.6807301e-10,1.6735259e-10,1.6646397e-10,1.6612052e-10,1.6521297e-10,1.6306134e-10,1.6371893e-10,1.6162857e-10,1.6059565e-10,1.5954799e-10,1.5817407e-10,1.5726317e-10,1.5582005e-10,1.5441812e-10,1.5280072e-10,1.515142e-10,1.4989036e-10,1.4796342e-10,1.4707896e-10,1.4447125e-10,1.4298399e-10,1.4114362e-10,-1109.8077,9.904619,-5.5220585,1.9498454,-0.059626367,-0.8136805,0.9026834,-0.7381913,0.34023616,-0.091272324,-0.20899498,0.23561713,-0.30457273,0.15339424,-0.12042683,-0.06854106,0.06432957,-0.16332267,0.088614315,-0.105642125,-0.0160084,-0.009784948,-0.10718712,0.041753486,-0.08783984,0.008390557,-0.038107667,-0.076174244,-0.0004976392,-0.08227785,0.012638571,-0.04148857,-0.04660365,-0.029527746,-0.081481844,0.00032922626,-0.05065635,-0.029677987,-0.031191424,-0.05997027
21,0.9992193,1.0,0.9931074,0.99346745,0.98771065,0.98219347,0.97796047,0.9788076,0.98501295,0.9884968,0.99221003,0.9931429,3.2323222e-09,3.2322989e-09,3.2322613e-09,3.232208e-09,3.2321394e-09,3.2320564e-09,3.231958e-09,3.2318441e-09,3.2317162e-09,3.231572e-09,3.2314134e-09,3.2312393e-09,3.2310499e-09,3.230845e-09,3.2306269e-09,3.2303915e-09,3.2301417e-09,3.2298773e-09,3.2295961e-09,3.2293022e-09,3.2289909e-09,3.2286664e-09,3.2283252e-09,3.2279708e-09,3.2275997e-09,3.2272138e-09,3.2268128e-09,3.2263965e-09,3.2259657e-09,3.22552e-09,3.2250584e-09,3.2245828e-09,3.2240914e-09,3.2235845e-09,3.2230631e-09,3.2225265e-09,3.221975e-09,3.2214083e-09,3.2208272e-09,3.22023e-09,3.2196186e-09,3.2087009e-09,3.1644696e-09,3.2536245e-09,3.352333e-09,3.2063237e-09,3.1815495e-09,3.1534766e-09,3.122435e-09,3.1675356e-09,3.5198011e-09,3.0610225e-09,3.0187155e-09,3.5088583e-09,3.0697203e-09,3.139918e-09,3.3634622e-09,3.0143952e-09,3.3896685e-09,3.08046e-09,3.2043288e-09,3.2942333e-09,3.0757041e-09,3.192921e-09,3.315034e-09,3.1406797e-09,3.163466e-09,3.178716e-09,3.1870404e-09,3.1890113e-09,3.1851646e-09,3.1759997e-09,3.1619845e-09,3.143555e-09,3.1765992e-09,3.2314327e-09,3.0929856e-09,3.179228e-09,3.1595295e-09,3.1413128e-09,3.122756e-09,3.1971865e-09,3.099391e-09,3.1175398e-09,3.1282192e-09,3.141638e-09,3.1113203e-09,3.129861e-09,3.1081848e-09,3.0897658e-09,3.0672413e-09,3.113823e-09,3.0657776e-09,3.0799825e-09,3.0335907e-09,3.094725e-09,3.0369751e-09,3.0324736e-09,3.0263103e-09,3.0143732e-09,2.9971798e-09,3.0302518e-09,2.9635259e-09,2.9833238e-09,2.9429896e-09,2.9710006e-09,2.9298288e-09,2.9172709e-09,2.9017806e-09,2.8957934e-09,2.879973e-09,2.8424658e-09,2.8539286e-09,2.81749e-09,2.7994842e-09,2.7812215e-09,2.7572717e-09,2.741393e-09,2.7162366e-09,2.6917988e-09,2.663604e-09,2.641178e-09,2.6128713e-09,2.5792808e-09,2.563863e-09,2.518406e-09,2.4924796e-09,2.460399e-09,-979.39044,23.838367,-18.750235,14.08007,-10.804672,8.38459,-6.7163773,5.385376,-4.461452,3.6177194,-3.073389,2.4895935,-2.143587,1.7202245,-1.5025921,1.1681156,-1.0311934,0.7769744,-0.6792563,0.480938,-0.42689353,0.2459752,-0.23934601,0.086190075,-0.077727966,-0.03137702,0.017546535,-0.14493702,0.086796016,-0.1972963,0.16384943,-0.23293623,0.18297294,-0.2890424,0.19577637,-0.28123286,0.22367132,-0.28927827,0.21127209,-0.28757262
22,0.9991418,1.0,0.9932174,0.9937388,0.9882818,0.9835685,0.98009706,0.9788453,0.98475826,0.9882741,0.99202645,0.9930079,1.0506154e-14,1.05060825e-14,1.0505959e-14,1.05057835e-14,1.0505564e-14,1.0505294e-14,1.0504975e-14,1.0504605e-14,1.0504185e-14,1.0503721e-14,1.05032085e-14,1.0502638e-14,1.0502026e-14,1.0501366e-14,1.0500652e-14,1.0499891e-14,1.049908e-14,1.049822e-14,1.0497313e-14,1.0496354e-14,1.04953515e-14,1.0494293e-14,1.0493191e-14,1.0492037e-14,1.0490836e-14,1.0489581e-14,1.0488283e-14,1.0486929e-14,1.0485534e-14,1.0484089e-14,1.0482591e-14,1.0481048e-14,1.0479453e-14,1.0477809e-14,1.0476118e-14,1.0474378e-14,1.0472589e-14,1.04707485e-14,1.0468862e-14,1.0466928e-14,1.0464943e-14,1.0429459e-14,1.0285695e-14,1.0575488e-14,1.0896335e-14,1.04217545e-14,1.03412304e-14,1.0249988e-14,1.0149096e-14,1.02956965e-14,1.14406995e-14,9.949501e-15,9.811996e-15,1.1405155e-14,9.977792e-15,1.0205973e-14,1.09325865e-14,9.797989e-15,1.1017785e-14,1.0012743e-14,1.0415376e-14,1.070761e-14,9.997315e-15,1.03783305e-14,1.0775262e-14,1.0208547e-14,1.0282626e-14,1.0332209e-14,1.0359281e-14,1.0365705e-14,1.0353216e-14,1.0323444e-14,1.0277906e-14,1.0218018e-14,1.03254485e-14,1.0503703e-14,1.0053706e-14,1.03340595e-14,1.02700526e-14,1.0210864e-14,1.015057e-14,1.0392534e-14,1.007468e-14,1.01337014e-14,1.01684476e-14,1.02121e-14,1.0113585e-14,1.0173889e-14,1.010347e-14,1.0043637e-14,9.97046e-15,1.01219234e-14,9.965795e-15,1.0012019e-14,9.861266e-15,1.0060049e-14,9.872379e-15,9.857805e-15,9.837833e-15,9.7990955e-15,9.743271e-15,9.850857e-15,9.634019e-15,9.6984595e-15,9.567422e-15,9.6585735e-15,9.524821e-15,9.484092e-15,9.433838e-15,9.4144815e-15,9.363164e-15,9.241343e-15,9.278738e-15,9.160401e-15,9.102001e-15,9.042769e-15,8.965054e-15,8.913589e-15,8.831965e-15,8.7526845e-15,8.6611965e-15,8.588474e-15,8.496638e-15,8.387628e-15,8.337725e-15,8.1901445e-15,8.1060875e-15,8.002028e-15,-1131.3708,0.0,0.0,0.0,0.0,0.0,0.0,0.0,0.0,0.0,0.0,0.0,0.0,0.0,0.0,0.0,0.0,0.0,0.0,0.0,0.0,0.0,0.0,0.0,0.0,0.0,0.0,0.0,0.0,0.0,0.0,0.0,0.0,0.0,0.0,0.0,0.0,0.0,0.0,0.0
23,0.9992192,1.0,0.9931073,0.9934673,0.9877106,0.98219323,0.9779601,0.9788075,0.98501295,0.98849654,0.99220985,0.99314266,8.474255e-09,8.474195e-09,8.474096e-09,8.473956e-09,8.473779e-09,8.47356e-09,8.473302e-09,8.4730045e-09,8.472665e-09,8.472288e-09,8.471873e-09,8.4714165e-09,8.470918e-09,8.4703835e-09,8.469809e-09,8.469193e-09,8.468539e-09,8.467843e-09,8.467108e-09,8.466338e-09,8.4655225e-09,8.46467e-09,8.463776e-09,8.4628455e-09,8.461874e-09,8.460862e-09,8.459811e-09,8.458721e-09,8.45759e-09,8.456421e-09,8.455212e-09,8.453963e-09,8.452674e-09,8.451348e-09,8.449981e-09,8.448575e-09,8.447127e-09,8.4456415e-09,8.444118e-09,8.442554e-09,8.44095e-09,8.412324e-09,8.296363e-09,8.530103e-09,8.788891e-09,8.4060945e-09,8.341142e-09,8.267544e-09,8.18616e-09,8.3044025e-09,9.227944e-09,8.025155e-09,7.914238e-09,9.1992565e-09,8.047957e-09,8.231997e-09,8.818067e-09,7.902911e-09,8.886774e-09,8.076115e-09,8.400863e-09,8.636569e-09,8.0636475e-09,8.3709555e-09,8.691101e-09,8.233994e-09,8.293733e-09,8.333714e-09,8.3555385e-09,8.360707e-09,8.3506215e-09,8.326594e-09,8.289849e-09,8.24153e-09,8.328165e-09,8.471922e-09,8.1089535e-09,8.335057e-09,8.283413e-09,8.235653e-09,8.187003e-09,8.3821385e-09,8.125746e-09,8.173327e-09,8.201326e-09,8.236507e-09,8.157022e-09,8.20563e-09,8.148802e-09,8.100511e-09,8.041458e-09,8.163582e-09,8.037621e-09,8.0748634e-09,7.953236e-09,8.113513e-09,7.962109e-09,7.950307e-09,7.934149e-09,7.9028535e-09,7.857777e-09,7.944482e-09,7.769545e-09,7.82145e-09,7.7157045e-09,7.789142e-09,7.681201e-09,7.648278e-09,7.607666e-09,7.59197e-09,7.550493e-09,7.45216e-09,7.482212e-09,7.386679e-09,7.339474e-09,7.2915936e-09,7.2288033e-09,7.187174e-09,7.121221e-09,7.0571518e-09,6.9832335e-09,6.924438e-09,6.850226e-09,6.7621606e-09,6.7217396e-09,6.6025643e-09,6.5345924e-09,6.450486e-09,-932.9123,25.081575,-19.991135,15.317156,-12.036411,9.60952,-7.9329815,6.592209,-5.65705,4.800686,-4.242339,3.6431856,-3.2805018,2.8392015,-2.6023924,2.2475543,-2.089212,1.8123753,-1.691062,1.4681876,-1.3886633,1.1814363,-1.1476902,0.96668744,-0.9297248,0.7915152,-0.77570903,0.61821985,-0.6458665,0.50453466,-0.5069057,0.40653014,-0.42513087,0.28753865,-0.34935147,0.2324969,-0.25882292,0.1621477,-0.20936652,0.10259029
24,0.9992193,1.0,0.9931073,0.9934674,0.9877106,0.98219347,0.9779602,0.9788076,0.9850132,0.9884969,0.9922101,0.9931427,6.927213e-09,6.9271624e-09,6.927082e-09,6.926969e-09,6.9268236e-09,6.926644e-09,6.926432e-09,6.9261907e-09,6.9259127e-09,6.9256054e-09,6.925264e-09,6.9248927e-09,6.924485e-09,6.9240476e-09,6.923578e-09,6.9230763e-09,6.92254e-09,6.9219714e-09,6.9213715e-09,6.92074e-09,6.9200747e-09,6.919378e-09,6.9186465e-09,6.9178863e-09,6.917091e-09,6.9162636e-09,6.915405e-09,6.914514e-09,6.9135906e-09,6.9126354e-09,6.911646e-09,6.910626e-09,6.9095725e-09,6.908488e-09,6.9073702e-09,6.9062196e-09,6.905039e-09,6.9038237e-09,6.902579e-09,6.9013e-09,6.899988e-09,6.876589e-09,6.7817973e-09,6.972866e-09,7.18441e-09,6.871495e-09,6.818402e-09,6.7582384e-09,6.691711e-09,6.788368e-09,7.54331e-09,6.560099e-09,6.4694317e-09,7.5198585e-09,6.5787384e-09,6.729181e-09,7.2082598e-09,6.4601715e-09,7.264423e-09,6.6017565e-09,6.867219e-09,7.059894e-09,6.5915646e-09,6.8427726e-09,7.1044726e-09,6.7308132e-09,6.779646e-09,6.812328e-09,6.8301693e-09,6.834393e-09,6.826148e-09,6.806508e-09,6.7764705e-09,6.7369736e-09,6.8077917e-09,6.9253057e-09,6.628599e-09,6.813427e-09,6.771211e-09,6.7321704e-09,6.6924e-09,6.851913e-09,6.642327e-09,6.681222e-09,6.7041093e-09,6.7328667e-09,6.667893e-09,6.707627e-09,6.6611734e-09,6.6216987e-09,6.5734267e-09,6.6732557e-09,6.57029e-09,6.6007324e-09,6.5013106e-09,6.6323276e-09,6.508563e-09,6.498916e-09,6.4857075e-09,6.460125e-09,6.423277e-09,6.4941537e-09,6.3511534e-09,6.3935826e-09,6.3071415e-09,6.3671726e-09,6.278937e-09,6.252024e-09,6.218827e-09,6.2059953e-09,6.1720913e-09,6.0917094e-09,6.1162746e-09,6.0381824e-09,5.999595e-09,5.9604552e-09,5.9091287e-09,5.875099e-09,5.8211858e-09,5.768813e-09,5.7083893e-09,5.660327e-09,5.5996634e-09,5.527675e-09,5.4946327e-09,5.397214e-09,5.341651e-09,5.2728986e-09,-942.662,24.862816,-19.772625,15.099052,-11.818903,9.392714,-7.7170963,6.3773594,-5.443431,4.5884557,-4.0316505,3.4341712,-3.073318,2.6340232,-2.3993707,2.046809,-1.8908663,1.6166315,-1.4980288,1.277981,-1.2014484,0.9972905,-0.966755,0.78911114,-0.7555999,0.6209396,-0.6088118,0.45506495,-0.48656178,0.34920612,-0.3556011,0.25935864,-0.28211942,0.14883655,-0.21498784,0.10252625,-0.13330391,0.041143447,-0.092896834,-0.009271223
25,0.9992194,1.0,0.99310756,0.99346757,0.9877107,0.9821935,0.9779602,0.97880757,0.9850131,0.9884968,0.99221027,0.99314284,2.3807464e-08,2.3807296e-08,2.3807017e-08,2.380663e-08,2.3806129e-08,2.380551e-08,2.3804784e-08,2.3803953e-08,2.3802999e-08,2.380194e-08,2.3800766e-08,2.3799485e-08,2.3798092e-08,2.379659e-08,2.3794971e-08,2.3793245e-08,2.3791404e-08,2.3789452e-08,2.3787393e-08,2.3785217e-08,2.3782937e-08,2.3780538e-08,2.3778027e-08,2.377541e-08,2.3772678e-08,2.3769834e-08,2.3766884e-08,2.3763816e-08,2.3760645e-08,2.3757364e-08,2.3753968e-08,2.3750458e-08,2.3746841e-08,2.3743112e-08,2.3739267e-08,2.3735318e-08,2.3731255e-08,2.3727083e-08,2.3722794e-08,2.3718401e-08,2.3713897e-08,2.3633481e-08,2.3307695e-08,2.3964361e-08,2.4691401e-08,2.3615975e-08,2.3433497e-08,2.3226733e-08,2.2998098e-08,2.3330283e-08,2.5924871e-08,2.254577e-08,2.2234161e-08,2.5844274e-08,2.2609829e-08,2.3126868e-08,2.4773367e-08,2.2202338e-08,2.496639e-08,2.2688933e-08,2.360128e-08,2.4263464e-08,2.2653905e-08,2.3517261e-08,2.4416671e-08,2.3132475e-08,2.3300307e-08,2.3412628e-08,2.3473945e-08,2.3488466e-08,2.3460132e-08,2.3392627e-08,2.3289395e-08,2.3153653e-08,2.3397039e-08,2.3800911e-08,2.2781188e-08,2.3416405e-08,2.3271317e-08,2.3137144e-08,2.3000464e-08,2.3548676e-08,2.2828372e-08,2.2962041e-08,2.30407e-08,2.3139538e-08,2.2916236e-08,2.3052795e-08,2.289314e-08,2.2757476e-08,2.2591573e-08,2.2934664e-08,2.2580792e-08,2.2685416e-08,2.2343723e-08,2.2794001e-08,2.2368647e-08,2.2335493e-08,2.22901e-08,2.2202176e-08,2.207554e-08,2.2319128e-08,2.182766e-08,2.197348e-08,2.1676403e-08,2.1882716e-08,2.1579467e-08,2.1486972e-08,2.137288e-08,2.1328782e-08,2.1212259e-08,2.0936003e-08,2.102043e-08,2.0752044e-08,2.0619424e-08,2.0484908e-08,2.030851e-08,2.0191557e-08,2.0006269e-08,1.9826274e-08,1.9618607e-08,1.9453427e-08,1.9244936e-08,1.8997529e-08,1.8883968e-08,1.854916e-08,1.8358202e-08,1.8121911e-08,-882.61426,25.727217,-20.636492,15.962002,-12.680568,10.252774,-8.575151,7.233078,-6.2964253,5.4383907,-4.878174,4.2769537,-3.9119902,3.4682674,-3.228835,2.8711896,-2.709828,2.4298549,-2.3051941,2.0787973,-1.9955844,1.7845144,-1.7467413,1.5615494,-1.5202644,1.3775496,-1.3571079,1.1948242,-1.2175486,1.0711422,-1.0683044,0.9625927,-0.9757253,0.8325505,-0.8886726,0.7659939,-0.7864028,0.6836871,-0.7247673,0.61178744
26,0.99921924,1.0,0.9931073,0.99346733,0.9877105,0.9821933,0.97796005,0.97880745,0.9850129,0.9884968,0.99221003,0.9931427,2.2283482e-09,2.2283322e-09,2.228306e-09,2.2282696e-09,2.2282223e-09,2.2281652e-09,2.228097e-09,2.2280187e-09,2.22793e-09,2.2278308e-09,2.2277213e-09,2.2276012e-09,2.2274704e-09,2.22733e-09,2.2271789e-09,2.2270168e-09,2.2268445e-09,2.2266622e-09,2.226469e-09,2.2262654e-09,2.2260518e-09,2.2258277e-09,2.2255926e-09,2.2253475e-09,2.2250923e-09,2.224826e-09,2.2245494e-09,2.2242628e-09,2.2239652e-09,2.2236581e-09,2.2233404e-09,2.2230122e-09,2.2226738e-09,2.2223243e-09,2.2219648e-09,2.221595e-09,2.221215e-09,2.2208242e-09,2.2204232e-09,2.2200117e-09,2.21959e-09,2.2120632e-09,2.1815705e-09,2.2430335e-09,2.3110829e-09,2.210425e-09,2.1933455e-09,2.1739925e-09,2.1525919e-09,2.1836843e-09,2.4265343e-09,2.1102546e-09,2.0810886e-09,2.4189903e-09,2.1162507e-09,2.164645e-09,2.3187552e-09,2.0781104e-09,2.3368218e-09,2.1236553e-09,2.2090494e-09,2.2710287e-09,2.1203763e-09,2.201185e-09,2.2853688e-09,2.16517e-09,2.1808788e-09,2.1913922e-09,2.197131e-09,2.1984898e-09,2.1958377e-09,2.1895195e-09,2.1798572e-09,2.167152e-09,2.1899327e-09,2.2277344e-09,2.13229e-09,2.191745e-09,2.1781652e-09,2.1656068e-09,2.1528135e-09,2.2041253e-09,2.136706e-09,2.1492172e-09,2.1565798e-09,2.1658306e-09,2.1449298e-09,2.1577116e-09,2.1427684e-09,2.1300703e-09,2.114542e-09,2.1466549e-09,2.113533e-09,2.1233257e-09,2.0913435e-09,2.133489e-09,2.0936766e-09,2.0905733e-09,2.086324e-09,2.0780948e-09,2.0662418e-09,2.0890414e-09,2.043041e-09,2.0566895e-09,2.028883e-09,2.048194e-09,2.0198103e-09,2.0111528e-09,2.000474e-09,1.9963464e-09,1.98544e-09,1.9595827e-09,1.9674853e-09,1.9423645e-09,1.9299513e-09,1.917361e-09,1.9008501e-09,1.8899038e-09,1.8725608e-09,1.8557135e-09,1.8362762e-09,1.8208156e-09,1.8013013e-09,1.7781441e-09,1.7675152e-09,1.7361773e-09,1.7183039e-09,1.6961876e-09,-997.1592,23.123169,-18.037853,13.372351,-10.103451,7.6916924,-6.033569,4.714357,-3.8038619,2.9751983,-2.4474266,1.8816191,-1.5549628,1.1522248,-0.9563496,0.64468646,-0.5315827,0.30195615,-0.22957852,0.057204742,-0.029602379,-0.12451706,0.104094915,-0.23007183,0.21131483,-0.2933499,0.25265768,-0.35352576,0.26929438,-0.35424173,0.2958798,-0.34082875,0.2675006,-0.35117358,0.23645714,-0.3015406,0.22469704,-0.27223122,0.17735396,-0.23802632
27,0.9992193,1.0,0.9931074,0.99346745,0.98771065,0.98219335,0.97796005,0.97880757,0.985013,0.9884968,0.99221003,0.9931427,4.1566583e-08,4.1566285e-08,4.15658e-08,4.156512e-08,4.1564242e-08,4.156317e-08,4.15619e-08,4.1560444e-08,4.155878e-08,4.1556937e-08,4.155489e-08,4.1552656e-08,4.1550216e-08,4.1547597e-08,4.154477e-08,4.1541753e-08,4.153854e-08,4.1535134e-08,4.1531525e-08,4.152774e-08,4.152374e-08,4.1519566e-08,4.151518e-08,4.151061e-08,4.150585e-08,4.1500883e-08,4.149574e-08,4.149038e-08,4.1484835e-08,4.1479105e-08,4.1473186e-08,4.1467057e-08,4.1460726e-08,4.1454225e-08,4.1447507e-08,4.1440614e-08,4.1433527e-08,4.142623e-08,4.141876e-08,4.1411088e-08,4.1403226e-08,4.1262822e-08,4.0694026e-08,4.1840515e-08,4.310988e-08,4.1232248e-08,4.0913665e-08,4.0552663e-08,4.0153463e-08,4.073345e-08,4.5263462e-08,3.9363727e-08,3.8819678e-08,4.5122746e-08,3.947557e-08,4.0378296e-08,4.3252996e-08,3.876411e-08,4.359e-08,3.961369e-08,4.1206594e-08,4.236273e-08,3.955253e-08,4.10599e-08,4.2630223e-08,4.038809e-08,4.0681115e-08,4.087723e-08,4.098428e-08,4.1009624e-08,4.0960153e-08,4.084229e-08,4.066206e-08,4.0425064e-08,4.0850004e-08,4.155514e-08,3.9774758e-08,4.088381e-08,4.0630503e-08,4.0396234e-08,4.01576e-08,4.1114742e-08,3.9857134e-08,4.0090516e-08,4.0227853e-08,4.0400415e-08,4.001054e-08,4.0248963e-08,3.997022e-08,3.9733354e-08,3.9443698e-08,4.0042718e-08,3.9424876e-08,3.9607542e-08,3.9010963e-08,3.979713e-08,3.9054484e-08,3.8996596e-08,3.8917335e-08,3.876383e-08,3.8542723e-08,3.8968025e-08,3.810995e-08,3.836454e-08,3.7845858e-08,3.820607e-08,3.7676614e-08,3.751513e-08,3.7315925e-08,3.723893e-08,3.7035484e-08,3.655316e-08,3.6700566e-08,3.6231977e-08,3.600043e-08,3.5765574e-08,3.5457592e-08,3.5253397e-08,3.4929897e-08,3.461563e-08,3.4253056e-08,3.396466e-08,3.360065e-08,3.316869e-08,3.297042e-08,3.2385856e-08,3.2052455e-08,3.1639907e-08,-855.37445,25.929169,-20.838408,16.163841,-12.882288,10.454351,-8.776561,7.434291,-6.4974217,5.6391296,-5.078626,4.4770784,-4.1117716,3.6676803,-3.4278166,3.069747,-2.9079068,2.6274438,-2.502252,2.2752943,-2.1915097,1.979794,-1.9413803,1.7555342,-1.713516,1.5700966,-1.5488789,1.385803,-1.4076811,1.2604504,-1.2567415,1.1501133,-1.1622872,1.0181782,-1.0732981,0.9496174,-0.96898043,0.8651929,-0.90517324,0.7910527
28,0.9992193,1.0,0.9931073,0.99346733,0.98771065,0.9821933,0.9779607,0.97880775,0.98501307,0.98849684,0.9922101,0.9931427,2.6359173e-09,2.6358988e-09,2.635868e-09,2.635824e-09,2.6357683e-09,2.6357e-09,2.6356208e-09,2.635528e-09,2.635423e-09,2.6353055e-09,2.6351759e-09,2.6350342e-09,2.6348796e-09,2.6347131e-09,2.634534e-09,2.634343e-09,2.6341394e-09,2.6339229e-09,2.6336944e-09,2.633454e-09,2.6332008e-09,2.6329356e-09,2.6326579e-09,2.6323683e-09,2.6320655e-09,2.6317508e-09,2.6314246e-09,2.6310856e-09,2.6307336e-09,2.63037e-09,2.6299942e-09,2.6296052e-09,2.6292053e-09,2.6287919e-09,2.628366e-09,2.627929e-09,2.6274796e-09,2.6270166e-09,2.6265425e-09,2.626057e-09,2.625558e-09,2.616654e-09,2.5805844e-09,2.6532891e-09,2.733785e-09,2.6147158e-09,2.5945124e-09,2.57162e-09,2.5463054e-09,2.5830846e-09,2.8703522e-09,2.4962246e-09,2.4617237e-09,2.8614282e-09,2.5033167e-09,2.560563e-09,2.7428604e-09,2.4582003e-09,2.7642306e-09,2.5120757e-09,2.6130886e-09,2.6864044e-09,2.5081968e-09,2.603786e-09,2.7033678e-09,2.5611833e-09,2.5797657e-09,2.5922018e-09,2.5989904e-09,2.600598e-09,2.597461e-09,2.589987e-09,2.5785576e-09,2.5635285e-09,2.5904758e-09,2.6351916e-09,2.52229e-09,2.5926197e-09,2.5765559e-09,2.5617002e-09,2.5465672e-09,2.6072644e-09,2.5275138e-09,2.5423135e-09,2.5510225e-09,2.5619655e-09,2.537242e-09,2.5523614e-09,2.534685e-09,2.519664e-09,2.5012958e-09,2.5392821e-09,2.500102e-09,2.511686e-09,2.4738542e-09,2.5237086e-09,2.4766142e-09,2.4729432e-09,2.4679172e-09,2.4581825e-09,2.4441613e-09,2.4711313e-09,2.416717e-09,2.432862e-09,2.3999698e-09,2.4228126e-09,2.3892375e-09,2.378997e-09,2.3663647e-09,2.3614821e-09,2.3485809e-09,2.3179942e-09,2.327342e-09,2.297627e-09,2.2829434e-09,2.2680502e-09,2.2485196e-09,2.2355708e-09,2.215056e-09,2.1951272e-09,2.172135e-09,2.1538464e-09,2.130763e-09,2.1033704e-09,2.0907973e-09,2.0537279e-09,2.0325852e-09,2.0064235e-09,-989.1639,23.487328,-18.40028,13.731926,-10.459028,8.042193,-6.3778877,5.0514736,-4.132801,3.294943,-2.7571063,2.1804106,-1.8420258,1.426873,-1.2179229,0.8925834,-0.76530635,0.5210376,-0.43366623,0.24602237,-0.20293105,0.033251047,-0.038041983,-0.10353254,0.1002706,-0.19758591,0.17191266,-0.28745764,0.2174876,-0.3162527,0.2711859,-0.32878742,0.26749843,-0.3625219,0.25840333,-0.3333272,0.26550815,-0.3212269,0.23369029,-0.30083352
29,0.9992193,1.0,0.9931074,0.9934675,0.98771065,0.9821933,0.97796017,0.9788074,0.98501307,0.98849684,0.9922101,0.99314284,1.0638107e-08,1.0638034e-08,1.063791e-08,1.0637734e-08,1.0637509e-08,1.0637235e-08,1.0636909e-08,1.0636536e-08,1.0636112e-08,1.0635639e-08,1.0635117e-08,1.0634543e-08,1.06339195e-08,1.063325e-08,1.0632525e-08,1.0631755e-08,1.0630933e-08,1.0630061e-08,1.0629137e-08,1.0628169e-08,1.0627147e-08,1.0626076e-08,1.0624955e-08,1.0623786e-08,1.0622565e-08,1.0621294e-08,1.0619973e-08,1.0618607e-08,1.0617187e-08,1.061572e-08,1.06142055e-08,1.0612636e-08,1.0611017e-08,1.0609353e-08,1.06076365e-08,1.0605869e-08,1.0604057e-08,1.0602188e-08,1.0600276e-08,1.0598313e-08,1.05963e-08,1.0560366e-08,1.0414794e-08,1.07082165e-08,1.1033085e-08,1.0552543e-08,1.0471006e-08,1.0378615e-08,1.027645e-08,1.0424884e-08,1.158425e-08,1.0074334e-08,9.9350945e-09,1.15482335e-08,1.0102957e-08,1.0333992e-08,1.1069713e-08,9.920876e-09,1.11559615e-08,1.0138305e-08,1.0545974e-08,1.0841866e-08,1.0122653e-08,1.05084315e-08,1.0910325e-08,1.0336498e-08,1.0411491e-08,1.0461681e-08,1.0489078e-08,1.0495567e-08,1.0482905e-08,1.0452743e-08,1.0406614e-08,1.0345959e-08,1.0454714e-08,1.0635179e-08,1.01795266e-08,1.0463367e-08,1.0398537e-08,1.03385815e-08,1.0277508e-08,1.0522471e-08,1.020061e-08,1.026034e-08,1.0295487e-08,1.0339651e-08,1.0239872e-08,1.0300892e-08,1.0229551e-08,1.0168931e-08,1.00948e-08,1.0248107e-08,1.0089982e-08,1.0136732e-08,9.984051e-09,1.01852535e-08,9.995189e-09,9.980374e-09,9.96009e-09,9.920802e-09,9.864216e-09,9.973061e-09,9.753455e-09,9.818613e-09,9.685866e-09,9.778055e-09,9.642552e-09,9.601222e-09,9.550241e-09,9.5305355e-09,9.478468e-09,9.355027e-09,9.392753e-09,9.272826e-09,9.213567e-09,9.15346e-09,9.074638e-09,9.022379e-09,8.939585e-09,8.859155e-09,8.766363e-09,8.692554e-09,8.599393e-09,8.48884e-09,8.438097e-09,8.288492e-09,8.203164e-09,8.09758e-09,-921.886,25.289948,-20.199318,15.524988,-12.243771,9.816277,-8.139019,6.7973757,-5.8612423,5.003746,-4.4441423,3.8436196,-3.4794273,3.03652,-2.7979636,2.441265,-2.2809649,2.0020375,-1.8785127,1.6533228,-1.5713733,1.3616354,-1.3252637,1.1415477,-1.101777,0.96065676,-0.9418595,0.7812976,-0.80579436,0.6612346,-0.66029954,0.55654037,-0.5716969,0.4306168,-0.48888415,0.36840764,-0.39106998,0.29069576,-0.33414906,0.2236161
30,0.9992192,1.0,0.99310726,0.9934673,0.98771065,0.98219377,0.97796226,0.978808,0.9850128,0.9884966,0.99221,0.9931426,1.31269e-10,1.3126808e-10,1.3126651e-10,1.3126435e-10,1.3126161e-10,1.3125823e-10,1.3125424e-10,1.3124964e-10,1.3124439e-10,1.3123856e-10,1.3123211e-10,1.3122503e-10,1.3121733e-10,1.3120902e-10,1.3120012e-10,1.3119059e-10,1.3118047e-10,1.311697e-10,1.3115832e-10,1.3114634e-10,1.3113373e-10,1.3112052e-10,1.3110667e-10,1.3109226e-10,1.3107722e-10,1.3106154e-10,1.3104526e-10,1.3102835e-10,1.3101085e-10,1.3099276e-10,1.3097401e-10,1.3095468e-10,1.3093474e-10,1.3091414e-10,1.3089296e-10,1.308712e-10,1.308488e-10,1.3082577e-10,1.3080217e-10,1.3077793e-10,1.3075312e-10,1.3030971e-10,1.2851342e-10,1.3213411e-10,1.3614282e-10,1.3021319e-10,1.2920705e-10,1.2806697e-10,1.2680633e-10,1.2863792e-10,1.4294393e-10,1.2431231e-10,1.2259417e-10,1.4249951e-10,1.246655e-10,1.2751636e-10,1.3659478e-10,1.224187e-10,1.3765906e-10,1.2510168e-10,1.3013213e-10,1.3378328e-10,1.2490856e-10,1.2966886e-10,1.3462804e-10,1.2754728e-10,1.2847266e-10,1.2909199e-10,1.2943005e-10,1.295101e-10,1.2935387e-10,1.2898169e-10,1.2841249e-10,1.2766403e-10,1.2900601e-10,1.3123286e-10,1.2561036e-10,1.291128e-10,1.283128e-10,1.27573e-10,1.2681937e-10,1.298421e-10,1.2587051e-10,1.2660753e-10,1.2704122e-10,1.2758619e-10,1.2635497e-10,1.2710792e-10,1.2622764e-10,1.254796e-10,1.2456486e-10,1.2645658e-10,1.245054e-10,1.2508228e-10,1.2319826e-10,1.2568101e-10,1.233357e-10,1.2315288e-10,1.2290259e-10,1.224178e-10,1.2171955e-10,1.2306264e-10,1.2035282e-10,1.2115683e-10,1.1951881e-10,1.2065639e-10,1.1898434e-10,1.1847434e-10,1.1784526e-10,1.1760211e-10,1.1695962e-10,1.1543642e-10,1.1590193e-10,1.14422104e-10,1.13690876e-10,1.1294919e-10,1.1197657e-10,1.1133171e-10,1.10310074e-10,1.0931761e-10,1.08172596e-10,1.0726184e-10,1.0611227e-10,1.0474811e-10,1.0412197e-10,1.0227591e-10,1.0122301e-10,9.992016e-11,-1123.1572,5.173422,-1.8517984,-0.2864356,0.74671924,-0.52481437,0.037539437,0.18497089,-0.27660736,0.08136294,-0.0061530196,-0.15400138,0.069804296,-0.07171686,-0.079539604,0.028701533,-0.08936257,-0.025228523,0.0034159538,-0.07555555,-0.007935785,-0.037886024,-0.06893975,-0.0035075229,-0.039190814,-0.034262337,-0.015354861,-0.06801524,-0.039928526,-0.024648666,-0.04135857,-0.011817768,-0.041945137,-0.06370068,-0.03416778,-0.04062277,-0.029838413,-0.027055442,-0.05090563,-0.034112364
31,0.99921924,1.0,0.99310726,0.9934674,0.98771083,0.9821938,0.9779632,0.9788083,0.98501295,0.9884968,0.99221,0.99314255,4.0501574e-10,4.0501277e-10,4.0500808e-10,4.0500145e-10,4.049929e-10,4.0498246e-10,4.0497014e-10,4.0495587e-10,4.049398e-10,4.049217e-10,4.0490183e-10,4.0488002e-10,4.048563e-10,4.0483072e-10,4.0480322e-10,4.047738e-10,4.0474252e-10,4.0470935e-10,4.0467424e-10,4.046373e-10,4.0459835e-10,4.0455767e-10,4.0451498e-10,4.0447043e-10,4.04424e-10,4.0437564e-10,4.0432532e-10,4.0427328e-10,4.0421927e-10,4.0416337e-10,4.0410555e-10,4.040459e-10,4.0398435e-10,4.039209e-10,4.0385562e-10,4.0378834e-10,4.0371928e-10,4.0364825e-10,4.0357528e-10,4.0350062e-10,4.0342402e-10,4.0205586e-10,3.965137e-10,4.0768489e-10,4.200533e-10,4.0175807e-10,3.9865372e-10,3.9513623e-10,3.9124665e-10,3.9689788e-10,4.410373e-10,3.8355152e-10,3.7825046e-10,4.396662e-10,3.8464137e-10,3.934373e-10,4.2144782e-10,3.777091e-10,4.247315e-10,3.8598721e-10,4.0150805e-10,4.127732e-10,3.8539122e-10,4.0007872e-10,4.1537962e-10,3.935328e-10,3.9638792e-10,3.9829873e-10,3.9934178e-10,3.9958883e-10,3.991068e-10,3.979584e-10,3.9620224e-10,3.9389297e-10,3.980335e-10,4.0490422e-10,3.875566e-10,3.9836295e-10,3.9589473e-10,3.936121e-10,3.912869e-10,4.006131e-10,3.8835926e-10,3.906333e-10,3.919714e-10,3.9365283e-10,3.8985398e-10,3.9217718e-10,3.8946113e-10,3.8715314e-10,3.8433082e-10,3.9016754e-10,3.8414744e-10,3.859273e-10,3.8011433e-10,3.8777462e-10,3.805384e-10,3.7997439e-10,3.792021e-10,3.7770634e-10,3.75552e-10,3.7969594e-10,3.7133507e-10,3.738158e-10,3.6876183e-10,3.7227166e-10,3.6711273e-10,3.6553924e-10,3.635983e-10,3.6284808e-10,3.6086578e-10,3.5616604e-10,3.576024e-10,3.5303654e-10,3.507804e-10,3.48492e-10,3.4549108e-10,3.4350145e-10,3.4034933e-10,3.3728723e-10,3.3375436e-10,3.3094433e-10,3.273975e-10,3.231885e-10,3.212566e-10,3.155608e-10,3.123122e-10,3.0829242e-10,-1076.2871,16.588745,-11.632885,7.1787243,-4.1965795,2.1383653,-0.89008296,0.025159732,0.39936087,-0.72359854,0.7415056,-0.80446327,0.6467649,-0.5935614,0.37021554,-0.3057087,0.08998607,-0.04035266,-0.11664949,0.12533365,-0.23354791,0.17442152,-0.25427628,0.15808046,-0.18317315,0.09012112,-0.10818079,-0.021783113,-0.031266104,-0.083486564,0.051045373,-0.11644322,0.05748532,-0.14941058,0.037729755,-0.101837724,0.021542966,-0.06477752,-0.03354682,-0.025949959
32,0.99921924,1.0,0.9931073,0.9934673,0.98771054,0.9821934,0.9779601,0.97880745,0.9850128,0.9884968,0.99221003,0.9931428,1.2095155e-09,1.2095068e-09,1.2094928e-09,1.2094729e-09,1.2094473e-09,1.2094162e-09,1.2093792e-09,1.209337e-09,1.2092887e-09,1.2092346e-09,1.2091751e-09,1.2091099e-09,1.2090392e-09,1.2089628e-09,1.2088808e-09,1.2087932e-09,1.2086997e-09,1.2086003e-09,1.2084955e-09,1.2083852e-09,1.2082693e-09,1.2081474e-09,1.2080198e-09,1.2078869e-09,1.2077482e-09,1.2076039e-09,1.2074538e-09,1.2072979e-09,1.2071368e-09,1.2069699e-09,1.2067971e-09,1.2066192e-09,1.2064352e-09,1.2062459e-09,1.2060508e-09,1.20585e-09,1.2056437e-09,1.2054316e-09,1.2052138e-09,1.2049908e-09,1.2047621e-09,1.2006761e-09,1.1841252e-09,1.2174862e-09,1.2544228e-09,1.1997868e-09,1.1905165e-09,1.1800119e-09,1.1683963e-09,1.1852728e-09,1.317088e-09,1.1454161e-09,1.1295852e-09,1.3129935e-09,1.1486707e-09,1.1749384e-09,1.258587e-09,1.1279685e-09,1.2683933e-09,1.1526896e-09,1.1990403e-09,1.2326818e-09,1.1509098e-09,1.1947716e-09,1.2404655e-09,1.1752235e-09,1.1837498e-09,1.1894562e-09,1.1925712e-09,1.1933088e-09,1.1918693e-09,1.1884398e-09,1.1831953e-09,1.1762991e-09,1.1886642e-09,1.2091825e-09,1.1573765e-09,1.1896479e-09,1.1822769e-09,1.1754602e-09,1.1685164e-09,1.1963678e-09,1.1597734e-09,1.1665644e-09,1.1705606e-09,1.1755821e-09,1.1642372e-09,1.171175e-09,1.1630639e-09,1.1561715e-09,1.147743e-09,1.1651735e-09,1.1471954e-09,1.1525108e-09,1.1351514e-09,1.1580275e-09,1.1364176e-09,1.1347333e-09,1.1324269e-09,1.1279601e-09,1.1215266e-09,1.1339019e-09,1.1089334e-09,1.1163417e-09,1.1012489e-09,1.1117304e-09,1.0963241e-09,1.091625e-09,1.0858285e-09,1.0835882e-09,1.0776684e-09,1.0636336e-09,1.0679229e-09,1.0542878e-09,1.04755e-09,1.0407162e-09,1.0317545e-09,1.0258128e-09,1.0163993e-09,1.0072547e-09,9.967044e-10,9.883128e-10,9.777206e-10,9.651512e-10,9.593819e-10,9.423723e-10,9.326708e-10,9.206664e-10,-1026.0553,21.53276,-16.458988,11.812641,-8.570265,6.192233,-4.57467,3.3025062,-2.4451463,1.6751442,-1.2111293,0.71355695,-0.45896754,0.13162148,-0.013712905,-0.21803461,0.24996513,-0.3977958,0.38843912,-0.47978443,0.427666,-0.5039921,0.40825784,-0.461905,0.37432897,-0.3914203,0.29008156,-0.3349172,0.19951087,-0.23839352,0.13919169,-0.14860022,0.045124505,-0.10396831,-0.030318618,-0.020319253,-0.06601223,0.023260504,-0.11844176,0.053893782
33,0.99921924,1.0,0.99310726,0.9934672,0.9877105,0.9821933,0.97796005,0.97880757,0.98501295,0.9884967,0.99221003,0.9931426,8.914132e-09,8.914067e-09,8.913964e-09,8.913818e-09,8.91363e-09,8.9134e-09,8.913127e-09,8.912815e-09,8.91246e-09,8.912062e-09,8.911623e-09,8.911146e-09,8.910622e-09,8.9100585e-09,8.9094545e-09,8.908807e-09,8.908119e-09,8.907387e-09,8.906616e-09,8.9058005e-09,8.904945e-09,8.904049e-09,8.9031085e-09,8.902129e-09,8.9011065e-09,8.9000425e-09,8.898937e-09,8.897791e-09,8.896601e-09,8.8953716e-09,8.8941e-09,8.892788e-09,8.891431e-09,8.8900345e-09,8.888597e-09,8.887117e-09,8.885597e-09,8.884033e-09,8.882432e-09,8.880785e-09,8.879098e-09,8.848988e-09,8.727006e-09,8.9728776e-09,9.2451e-09,8.842433e-09,8.774109e-09,8.696691e-09,8.611083e-09,8.735463e-09,9.706943e-09,8.441719e-09,8.3250455e-09,9.676764e-09,8.465705e-09,8.659298e-09,9.275791e-09,8.313131e-09,9.348062e-09,8.495325e-09,8.83693e-09,9.084869e-09,8.482209e-09,8.805471e-09,9.1422345e-09,8.661399e-09,8.724239e-09,8.766295e-09,8.789252e-09,8.794688e-09,8.784079e-09,8.758804e-09,8.720152e-09,8.6693275e-09,8.760457e-09,8.911677e-09,8.5298675e-09,8.7677074e-09,8.713384e-09,8.663146e-09,8.611968e-09,8.817234e-09,8.547534e-09,8.597583e-09,8.627035e-09,8.664042e-09,8.580432e-09,8.631563e-09,8.571784e-09,8.520987e-09,8.458869e-09,8.587331e-09,8.454833e-09,8.494007e-09,8.366069e-09,8.5346645e-09,8.375402e-09,8.362987e-09,8.345991e-09,8.313069e-09,8.265653e-09,8.35686e-09,8.172842e-09,8.22744e-09,8.1162055e-09,8.193455e-09,8.079912e-09,8.04528e-09,8.00256e-09,7.986048e-09,7.942418e-09,7.838982e-09,7.870593e-09,7.770103e-09,7.7204465e-09,7.670081e-09,7.604032e-09,7.560241e-09,7.490865e-09,7.42347e-09,7.3457147e-09,7.283867e-09,7.205803e-09,7.1131665e-09,7.070647e-09,6.9452857e-09,6.8737864e-09,6.7853136e-09,-930.4647,25.136501,-20.045998,15.371916,-12.091034,9.663947,-7.9871902,6.6461406,-5.7107067,4.8539624,-4.2952394,3.6956627,-3.3324966,2.8907037,-2.6533651,2.297955,-2.1390085,1.8615198,-1.7395173,1.5159323,-1.4356498,1.2276632,-1.1931107,1.0112746,-0.9734553,0.8343394,-0.8176246,0.6591768,-0.685856,0.5435314,-0.54488766,0.44347832,-0.46102035,0.3223548,-0.38309604,0.26512942,-0.29032588,0.19252416,-0.23858991,0.13068314
34,0.9992193,1.0,0.9931072,0.9934671,0.9877106,0.9821932,0.97796005,0.9788075,0.98501307,0.9884967,0.99221,0.99314255,1.2694979e-08,1.2694892e-08,1.2694742e-08,1.2694534e-08,1.2694264e-08,1.2693941e-08,1.2693553e-08,1.2693105e-08,1.2692601e-08,1.2692037e-08,1.26914115e-08,1.26907285e-08,1.2689983e-08,1.2689184e-08,1.26883215e-08,1.26874e-08,1.2686416e-08,1.2685376e-08,1.26842785e-08,1.2683117e-08,1.26819e-08,1.2680624e-08,1.2679285e-08,1.2677889e-08,1.2676435e-08,1.2674917e-08,1.2673341e-08,1.267171e-08,1.2670019e-08,1.2668265e-08,1.26664546e-08,1.2664583e-08,1.2662653e-08,1.2660665e-08,1.2658619e-08,1.265651e-08,1.26543425e-08,1.2652115e-08,1.2649835e-08,1.2647494e-08,1.264509e-08,1.2602207e-08,1.2428487e-08,1.2778646e-08,1.3166328e-08,1.2592873e-08,1.249557e-08,1.2385314e-08,1.22633965e-08,1.2440532e-08,1.3824058e-08,1.20222e-08,1.185604e-08,1.378108e-08,1.2056358e-08,1.2332063e-08,1.3210037e-08,1.1839072e-08,1.3312961e-08,1.2098543e-08,1.2585037e-08,1.2938137e-08,1.2079864e-08,1.25402355e-08,1.3019833e-08,1.2335056e-08,1.24245485e-08,1.2484442e-08,1.2517138e-08,1.2524879e-08,1.25097674e-08,1.2473773e-08,1.2418728e-08,1.2346344e-08,1.2476129e-08,1.2691487e-08,1.2147735e-08,1.2486453e-08,1.2409089e-08,1.2337542e-08,1.22646595e-08,1.2556985e-08,1.2172894e-08,1.2244172e-08,1.2286117e-08,1.2338819e-08,1.2219745e-08,1.2292564e-08,1.22074315e-08,1.2135089e-08,1.2046625e-08,1.2229573e-08,1.2040878e-08,1.2096665e-08,1.1914461e-08,1.2154567e-08,1.1927754e-08,1.1910075e-08,1.18858665e-08,1.1838985e-08,1.1771457e-08,1.1901347e-08,1.1639281e-08,1.1717038e-08,1.1558624e-08,1.1668638e-08,1.1506936e-08,1.14576135e-08,1.1396775e-08,1.1373261e-08,1.1311127e-08,1.11638165e-08,1.12088365e-08,1.10657234e-08,1.0995006e-08,1.0923278e-08,1.0829216e-08,1.0766852e-08,1.06680496e-08,1.0572069e-08,1.0461335e-08,1.0373254e-08,1.0262081e-08,1.01301545e-08,1.00696e-08,9.8910675e-09,9.789243e-09,9.663244e-09,-913.2686,25.385895,-20.295258,15.620893,-12.339619,9.912049,-8.234715,6.8929777,-5.9567327,5.0991287,-4.539397,3.9387164,-3.5743425,3.1312575,-2.892508,2.5356104,-2.375027,2.0959058,-1.9721262,1.7466781,-1.6644925,1.4544184,-1.4177399,1.2337174,-1.1935976,1.0521467,-1.0329857,0.8720363,-0.8961314,0.75117683,-0.74983263,0.6456399,-0.6603402,0.5188188,-0.57660174,0.45565432,-0.4778157,0.37692636,-0.41986892,0.30877984
35,0.9992195,1.0,0.9931074,0.9934674,0.9877106,0.9821935,0.9779608,0.97880787,0.9850129,0.9884968,0.99221003,0.9931427,4.0771524e-09,4.0771226e-09,4.0770756e-09,4.0770085e-09,4.076922e-09,4.0768176e-09,4.076693e-09,4.07655e-09,4.0763877e-09,4.076206e-09,4.0760058e-09,4.075786e-09,4.075547e-09,4.0752894e-09,4.0750123e-09,4.074717e-09,4.074402e-09,4.0740673e-09,4.073713e-09,4.0733417e-09,4.072951e-09,4.072541e-09,4.0721115e-09,4.071662e-09,4.0711954e-09,4.0707087e-09,4.0702024e-09,4.069677e-09,4.069134e-09,4.0685713e-09,4.067991e-09,4.0673895e-09,4.06677e-09,4.066131e-09,4.0654724e-09,4.064796e-09,4.064101e-09,4.063386e-09,4.062653e-09,4.0619e-09,4.0611283e-09,4.047356e-09,3.9915644e-09,4.104022e-09,4.2285304e-09,4.0443586e-09,4.013109e-09,3.977699e-09,3.9385437e-09,3.995433e-09,4.439769e-09,3.8610803e-09,3.8077155e-09,4.425966e-09,3.8720502e-09,3.9605963e-09,4.2425685e-09,3.802266e-09,4.275624e-09,3.8855985e-09,4.041842e-09,4.1552446e-09,3.8795993e-09,4.027453e-09,4.1814823e-09,3.961557e-09,3.9902988e-09,4.009535e-09,4.0200345e-09,4.0225214e-09,4.017669e-09,4.0061092e-09,3.98843e-09,3.9651833e-09,4.006865e-09,4.0760293e-09,3.9013965e-09,4.0101806e-09,3.9853343e-09,3.9623558e-09,3.9389487e-09,4.0328327e-09,3.909477e-09,3.932369e-09,3.9458397e-09,3.962766e-09,3.9245243e-09,3.9479104e-09,3.9205696e-09,3.897336e-09,3.868924e-09,3.9276804e-09,3.8670778e-09,3.8849954e-09,3.8264787e-09,3.9035912e-09,3.8307473e-09,3.825069e-09,3.817295e-09,3.8022376e-09,3.780551e-09,3.822267e-09,3.7381005e-09,3.763073e-09,3.7121968e-09,3.7475285e-09,3.6955958e-09,3.679756e-09,3.660217e-09,3.6526648e-09,3.6327095e-09,3.5853998e-09,3.5998582e-09,3.5538952e-09,3.5311833e-09,3.5081473e-09,3.477938e-09,3.4579088e-09,3.4261773e-09,3.395352e-09,3.3597884e-09,3.3315006e-09,3.2957956e-09,3.2534258e-09,3.233978e-09,3.17664e-09,3.1439378e-09,3.103472e-09,-968.24884,24.216198,-19.127066,14.455239,-11.177536,8.75449,-7.0826883,5.7474594,-4.8186874,3.9695156,-3.419168,2.8287716,-2.4756122,2.044602,-1.8188057,1.475678,-1.3296849,1.0659318,-0.9582987,0.74969006,-0.6850309,0.49319696,-0.47535723,0.31078216,-0.29071033,0.16975689,-0.17164516,0.032181337,-0.07816917,-0.044471294,0.023185762,-0.104409605,0.06652974,-0.18455417,0.10312165,-0.20026624,0.15417252,-0.23104264,0.16405648,-0.2510706
36,0.9992194,1.0,0.9931074,0.99346745,0.9877106,0.98219347,0.9779608,0.97880787,0.9850131,0.9884968,0.9922101,0.9931428,8.4700075e-10,8.4699453e-10,8.4698465e-10,8.4697077e-10,8.46953e-10,8.469311e-10,8.469055e-10,8.4687546e-10,8.468418e-10,8.4680407e-10,8.4676244e-10,8.467168e-10,8.4666735e-10,8.4661367e-10,8.4655605e-10,8.464948e-10,8.464293e-10,8.463598e-10,8.4628626e-10,8.4620905e-10,8.4612795e-10,8.460425e-10,8.459535e-10,8.458602e-10,8.457631e-10,8.45662e-10,8.455569e-10,8.4544777e-10,8.4533497e-10,8.452182e-10,8.4509727e-10,8.449724e-10,8.4484375e-10,8.4471113e-10,8.445745e-10,8.4443386e-10,8.442895e-10,8.4414076e-10,8.439884e-10,8.438321e-10,8.436719e-10,8.4081087e-10,8.2922036e-10,8.525826e-10,8.7844854e-10,8.4018803e-10,8.3369617e-10,8.2634e-10,8.182056e-10,8.300238e-10,9.223318e-10,8.0211304e-10,7.910271e-10,9.1946434e-10,8.043922e-10,8.22787e-10,8.8136465e-10,7.8989476e-10,8.8823177e-10,8.072066e-10,8.396651e-10,8.632237e-10,8.059603e-10,8.3667606e-10,8.686745e-10,8.229866e-10,8.289575e-10,8.3295354e-10,8.3513496e-10,8.3565155e-10,8.346435e-10,8.3224183e-10,8.2856916e-10,8.2373985e-10,8.323989e-10,8.4676754e-10,8.1048873e-10,8.3308777e-10,8.279261e-10,8.2315244e-10,8.182899e-10,8.377936e-10,8.121672e-10,8.169229e-10,8.1972146e-10,8.232378e-10,8.152933e-10,8.2015156e-10,8.144716e-10,8.096451e-10,8.0374274e-10,8.159489e-10,8.0335916e-10,8.070814e-10,7.9492485e-10,8.109444e-10,7.958117e-10,7.9463214e-10,7.930171e-10,7.8988915e-10,7.8538376e-10,7.9404994e-10,7.765649e-10,7.817528e-10,7.7118356e-10,7.7852363e-10,7.6773493e-10,7.6444423e-10,7.603852e-10,7.5881623e-10,7.5467066e-10,7.448423e-10,7.47846e-10,7.3829765e-10,7.335794e-10,7.287938e-10,7.22518e-10,7.183571e-10,7.1176504e-10,7.053614e-10,6.9797323e-10,6.920966e-10,6.846792e-10,6.75877e-10,6.718369e-10,6.5992534e-10,6.5313166e-10,6.4472516e-10,-1042.674,20.284086,-15.226292,10.606258,-7.4001794,5.067839,-3.5046453,2.2947054,-1.5064857,0.811491,-0.4272179,0.012980904,0.15588996,-0.39643067,0.42758417,-0.57384837,0.5226579,-0.5908792,0.5063381,-0.5277993,0.41189265,-0.43108177,0.28543514,-0.29672474,0.17453355,-0.16483238,0.04445475,-0.077786356,-0.061899696,0.020552266,-0.11106047,0.08738606,-0.17175382,0.089747004,-0.19757988,0.11802071,-0.17382929,0.099758625,-0.1635962,0.068479516
37,0.99921924,1.0,0.99310726,0.9934673,0.9877104,0.9821933,0.97796035,0.9788077,0.985013,0.98849666,0.99221003,0.9931428,2.0537512e-09,2.0537363e-09,2.0537125e-09,2.0536788e-09,2.0536353e-09,2.0535824e-09,2.0535198e-09,2.0534474e-09,2.053366e-09,2.0532747e-09,2.0531736e-09,2.0530628e-09,2.0529427e-09,2.0528126e-09,2.0526731e-09,2.052524e-09,2.0523652e-09,2.052197e-09,2.0520192e-09,2.0518316e-09,2.0516349e-09,2.0514284e-09,2.0512116e-09,2.0509858e-09,2.0507505e-09,2.0505053e-09,2.0502502e-09,2.049986e-09,2.049712e-09,2.0494288e-09,2.0491355e-09,2.0488333e-09,2.0485211e-09,2.0481994e-09,2.0478677e-09,2.0475273e-09,2.0471769e-09,2.0468167e-09,2.0464472e-09,2.0460682e-09,2.0456798e-09,2.0387423e-09,2.0106385e-09,2.0672861e-09,2.1300037e-09,2.0372322e-09,2.021491e-09,2.0036541e-09,1.9839306e-09,2.012587e-09,2.2364093e-09,1.9449107e-09,1.9180302e-09,2.2294564e-09,1.9504367e-09,1.9950395e-09,2.1370747e-09,1.9152848e-09,2.1537252e-09,1.957261e-09,2.0359645e-09,2.0930877e-09,1.9542392e-09,2.0287165e-09,2.1063045e-09,1.9955233e-09,2.010001e-09,2.0196904e-09,2.0249797e-09,2.0262325e-09,2.0237882e-09,2.017965e-09,2.0090596e-09,1.9973498e-09,2.0183457e-09,2.0531856e-09,1.9652195e-09,2.0200162e-09,2.0075004e-09,1.9959256e-09,1.9841346e-09,2.0314264e-09,1.9692894e-09,1.9808204e-09,1.987606e-09,1.9961321e-09,1.9768691e-09,1.9886492e-09,1.9748767e-09,1.9631734e-09,1.9488622e-09,1.978459e-09,1.9479318e-09,1.9569575e-09,1.9274813e-09,1.9663247e-09,1.9296316e-09,1.9267712e-09,1.9228552e-09,1.9152706e-09,1.9043462e-09,1.9253596e-09,1.8829636e-09,1.8955426e-09,1.869915e-09,1.8877127e-09,1.8615529e-09,1.8535738e-09,1.8437315e-09,1.8399274e-09,1.8298756e-09,1.8060444e-09,1.8133277e-09,1.7901751e-09,1.7787347e-09,1.7671307e-09,1.7519137e-09,1.7418247e-09,1.7258408e-09,1.7103134e-09,1.6923993e-09,1.6781501e-09,1.6601647e-09,1.6388219e-09,1.6290257e-09,1.6001434e-09,1.5836703e-09,1.5632868e-09,-1001.04297,22.946264,-17.861801,13.19769,-9.930727,7.5214376,-5.8663063,4.550597,-3.644112,2.8198743,-2.2969964,1.7365041,-1.415498,1.018812,-0.8292918,0.52428937,-0.41806966,0.19554743,-0.13042703,-0.03452459,0.05460043,-0.20116048,0.17313725,-0.29153937,0.26527908,-0.33986905,0.29187614,-0.38562,0.29444763,-0.37269998,0.30788684,-0.3466683,0.26749843,-0.3456654,0.22579674,-0.28611222,0.20487893,-0.24842604,0.14999427,-0.20752676
38,0.99921936,1.0,0.9931074,0.99346733,0.9877106,0.9821933,0.97796047,0.9788076,0.9850131,0.9884968,0.99221,0.99314284,7.298631e-09,7.2985777e-09,7.2984934e-09,7.2983743e-09,7.29822e-09,7.29803e-09,7.297811e-09,7.2975537e-09,7.2972623e-09,7.296937e-09,7.2965793e-09,7.296186e-09,7.295758e-09,7.295296e-09,7.2948008e-09,7.294271e-09,7.293707e-09,7.2931092e-09,7.292475e-09,7.29181e-09,7.29111e-09,7.290376e-09,7.289606e-09,7.2888025e-09,7.2879662e-09,7.2870945e-09,7.286189e-09,7.28525e-09,7.2842776e-09,7.283271e-09,7.28223e-09,7.281155e-09,7.2800446e-09,7.278901e-09,7.277724e-09,7.276512e-09,7.275267e-09,7.273987e-09,7.2726736e-09,7.271327e-09,7.2699464e-09,7.245293e-09,7.1454167e-09,7.3467303e-09,7.569619e-09,7.239926e-09,7.183986e-09,7.1205966e-09,7.0505033e-09,7.1523423e-09,7.947762e-09,6.9118338e-09,6.816305e-09,7.923053e-09,6.9314723e-09,7.0899806e-09,7.594746e-09,6.806548e-09,7.653921e-09,6.9557244e-09,7.2354203e-09,7.4384254e-09,6.944985e-09,7.209663e-09,7.485395e-09,7.091701e-09,7.1431523e-09,7.1775865e-09,7.1963835e-09,7.2008346e-09,7.1921487e-09,7.171453e-09,7.139807e-09,7.098192e-09,7.1728072e-09,7.296622e-09,6.984007e-09,7.1787443e-09,7.134265e-09,7.0931305e-09,7.0512294e-09,7.219293e-09,6.998471e-09,7.0394495e-09,7.0635644e-09,7.093866e-09,7.025407e-09,7.067272e-09,7.0183273e-09,6.9767365e-09,6.925876e-09,7.0310566e-09,6.9225705e-09,6.9546453e-09,6.849892e-09,6.987934e-09,6.857534e-09,6.8473693e-09,6.833453e-09,6.8064985e-09,6.767676e-09,6.8423525e-09,6.6916837e-09,6.7363883e-09,6.645313e-09,6.7085626e-09,6.615596e-09,6.58724e-09,6.5522627e-09,6.5387433e-09,6.5030212e-09,6.41833e-09,6.4442127e-09,6.361933e-09,6.321276e-09,6.2800383e-09,6.2259593e-09,6.1901053e-09,6.133302e-09,6.0781207e-09,6.0144574e-09,5.9638174e-09,5.8999015e-09,5.8240532e-09,5.7892398e-09,5.686597e-09,5.6280554e-09,5.555617e-09,-940.13574,24.919483,-19.829243,15.155557,-11.875215,9.448895,-7.773034,6.433031,-5.4987817,4.643439,-4.086234,3.4883275,-3.1269932,2.6871862,-2.4519706,2.0988164,-1.9422812,1.667362,-1.5480368,1.3272638,-1.2499363,1.0450145,-1.0136464,0.8351116,-0.80072355,0.6651336,-0.6520509,0.4973356,-0.5278541,0.3894484,-0.3948121,0.2974898,-0.31919342,0.18477523,-0.24981517,0.13621196,-0.16582307,0.07249102,-0.12307832,0.019726962
39,0.99921936,1.0,0.9931073,0.9934674,0.98771065,0.9821934,0.97796017,0.97880757,0.98501307,0.98849684,0.99221003,0.9931427,1.1174553e-08,1.1174475e-08,1.1174344e-08,1.1174164e-08,1.11739284e-08,1.1173638e-08,1.1173296e-08,1.1172905e-08,1.1172458e-08,1.1171961e-08,1.1171412e-08,1.117081e-08,1.1170157e-08,1.1169452e-08,1.1168693e-08,1.1167884e-08,1.11670175e-08,1.11661e-08,1.1165132e-08,1.1164113e-08,1.1163041e-08,1.1161917e-08,1.1160738e-08,1.11595115e-08,1.1158226e-08,1.1156894e-08,1.11555085e-08,1.115407e-08,1.1152581e-08,1.1151038e-08,1.1149445e-08,1.1147797e-08,1.11461e-08,1.1144349e-08,1.1142548e-08,1.1140694e-08,1.1138784e-08,1.1136825e-08,1.11348175e-08,1.1132752e-08,1.113064e-08,1.1092891e-08,1.09399805e-08,1.12482e-08,1.1589449e-08,1.1084677e-08,1.09990275e-08,1.0901975e-08,1.0794659e-08,1.0950579e-08,1.2168407e-08,1.0582351e-08,1.0436091e-08,1.2130577e-08,1.0612419e-08,1.0855103e-08,1.1627925e-08,1.04211555e-08,1.1718521e-08,1.0649549e-08,1.1077777e-08,1.1388588e-08,1.0633107e-08,1.1038342e-08,1.14605e-08,1.0857737e-08,1.0936512e-08,1.0989232e-08,1.10180105e-08,1.10248255e-08,1.1011527e-08,1.0979842e-08,1.0931388e-08,1.0867675e-08,1.0981913e-08,1.117148e-08,1.069285e-08,1.0991003e-08,1.09229035e-08,1.08599245e-08,1.07957705e-08,1.1053087e-08,1.0714997e-08,1.0777739e-08,1.08146585e-08,1.086105e-08,1.0756237e-08,1.0820334e-08,1.0745397e-08,1.0681719e-08,1.060385e-08,1.07648885e-08,1.0598789e-08,1.0647898e-08,1.0487517e-08,1.0698864e-08,1.0499216e-08,1.0483653e-08,1.0462346e-08,1.0421077e-08,1.0361639e-08,1.0475972e-08,1.0245293e-08,1.0313736e-08,1.0174295e-08,1.0271132e-08,1.01287965e-08,1.0085382e-08,1.00318305e-08,1.00111315e-08,9.956439e-09,9.826772e-09,9.8664e-09,9.740427e-09,9.67818e-09,9.615042e-09,9.532244e-09,9.47735e-09,9.390382e-09,9.305896e-09,9.208424e-09,9.130893e-09,9.033034e-09,8.916907e-09,8.863605e-09,8.706454e-09,8.616825e-09,8.505918e-09,-919.48755,25.316648,-20.22602,15.551684,-12.27046,9.84293,-8.165656,6.8239727,-5.887821,5.0302973,-4.470655,3.8700807,-3.5058305,3.0628915,-2.8242767,2.4675193,-2.3071117,2.0281556,-1.9045736,1.6792972,-1.5973094,1.3874569,-1.351001,1.1671999,-1.1273336,0.9861268,-0.96722764,0.80654377,-0.83093023,0.6862593,-0.68521565,0.58134145,-0.59633744,0.4551616,-0.51328874,0.39269245,-0.41521108,0.31469446,-0.35802284,0.24731594
40,0.9992194,1.0,0.99310744,0.9934674,0.98771065,0.9821934,0.9779601,0.97880757,0.9850132,0.98849684,0.9922101,0.99314266,1.604078e-08,1.6040666e-08,1.604048e-08,1.6040214e-08,1.6039875e-08,1.6039463e-08,1.6038975e-08,1.6038413e-08,1.603777e-08,1.6037054e-08,1.603627e-08,1.6035404e-08,1.6034464e-08,1.6033452e-08,1.6032363e-08,1.6031201e-08,1.602996e-08,1.6028645e-08,1.6027256e-08,1.602579e-08,1.602425e-08,1.6022637e-08,1.6020945e-08,1.601918e-08,1.6017344e-08,1.6015425e-08,1.6013438e-08,1.6011375e-08,1.6009233e-08,1.600702e-08,1.6004734e-08,1.6002373e-08,1.599993e-08,1.5997422e-08,1.5994829e-08,1.599217e-08,1.5989432e-08,1.5986618e-08,1.5983733e-08,1.5980774e-08,1.5977738e-08,1.5923552e-08,1.570405e-08,1.6146492e-08,1.6636346e-08,1.5911759e-08,1.5788812e-08,1.56495e-08,1.5495452e-08,1.5719271e-08,1.7467427e-08,1.5190686e-08,1.4980735e-08,1.7413123e-08,1.5233846e-08,1.5582215e-08,1.6691578e-08,1.4959292e-08,1.6821629e-08,1.5287148e-08,1.5901858e-08,1.6348016e-08,1.5263543e-08,1.5845245e-08,1.6451246e-08,1.5585991e-08,1.5699072e-08,1.5774752e-08,1.5816065e-08,1.5825846e-08,1.5806755e-08,1.5761273e-08,1.5691718e-08,1.5600259e-08,1.5764247e-08,1.6036365e-08,1.5349308e-08,1.5777296e-08,1.567954e-08,1.5589135e-08,1.5497044e-08,1.5866414e-08,1.5381094e-08,1.5471159e-08,1.5524158e-08,1.559075e-08,1.5440296e-08,1.5532304e-08,1.5424735e-08,1.5333327e-08,1.5221547e-08,1.5452713e-08,1.5214283e-08,1.5284776e-08,1.5054553e-08,1.5357937e-08,1.5071347e-08,1.5049007e-08,1.501842e-08,1.495918e-08,1.4873858e-08,1.5037982e-08,1.47068455e-08,1.4805096e-08,1.4604931e-08,1.4743939e-08,1.4539619e-08,1.4477299e-08,1.44004275e-08,1.4370716e-08,1.4292205e-08,1.4106071e-08,1.4162957e-08,1.3982126e-08,1.3892771e-08,1.3802137e-08,1.3683285e-08,1.36044855e-08,1.3479644e-08,1.3358369e-08,1.3218449e-08,1.3107156e-08,1.2966682e-08,1.2799985e-08,1.2723471e-08,1.2497887e-08,1.2369225e-08,1.221002e-08,-901.8644,25.51288,-20.422207,15.747793,-12.466468,10.038807,-8.361368,7.0195074,-6.08311,5.225342,-4.6654253,4.064539,-3.6999695,3.2566347,-3.0176315,2.6604612,-2.4995909,2.22014,-2.0960498,1.8702383,-1.7876313,1.5772182,-1.5401293,1.3556719,-1.3151376,1.1732037,-1.1535728,0.9921219,-1.015708,0.87021697,-0.8683013,0.76355803,-0.7776281,0.63554096,-0.69270414,0.57110476,-0.5925974,0.49104947,-0.5333061,0.4215136
41,0.99921936,1.0,0.9931076,0.99346733,0.9877109,0.98219365,0.9779616,0.978808,0.985013,0.98849684,0.9922101,0.99314284,2.921395e-10,2.9213743e-10,2.921339e-10,2.9212924e-10,2.92123e-10,2.9211553e-10,2.9210662e-10,2.9209632e-10,2.9208477e-10,2.9207167e-10,2.9205735e-10,2.920416e-10,2.9202452e-10,2.92006e-10,2.9198624e-10,2.9196504e-10,2.9194244e-10,2.9191852e-10,2.9189315e-10,2.9186653e-10,2.9183841e-10,2.9180905e-10,2.917783e-10,2.9174616e-10,2.9171263e-10,2.9167774e-10,2.9164157e-10,2.9160396e-10,2.9156502e-10,2.915247e-10,2.91483e-10,2.9144004e-10,2.9139557e-10,2.9134983e-10,2.9130265e-10,2.9125416e-10,2.912044e-10,2.9115313e-10,2.911006e-10,2.9104666e-10,2.909914e-10,2.9000458e-10,2.860069e-10,2.9406477e-10,3.029862e-10,2.8978978e-10,2.8755062e-10,2.8501337e-10,2.8220776e-10,2.8628402e-10,3.1812203e-10,2.766573e-10,2.7283364e-10,3.1713304e-10,2.7744337e-10,2.8378794e-10,3.0399205e-10,2.7244312e-10,3.0636058e-10,2.7841413e-10,2.896094e-10,2.97735e-10,2.7798425e-10,2.8857844e-10,2.9961503e-10,2.8385683e-10,2.8591624e-10,2.8729452e-10,2.880469e-10,2.8822505e-10,2.8787733e-10,2.8704902e-10,2.857823e-10,2.8411662e-10,2.8710323e-10,2.9205907e-10,2.7954616e-10,2.8734082e-10,2.8556046e-10,2.83914e-10,2.8223685e-10,2.8896388e-10,2.8012512e-10,2.817654e-10,2.8273062e-10,2.8394342e-10,2.812033e-10,2.8287897e-10,2.809199e-10,2.7925515e-10,2.7721936e-10,2.814294e-10,2.7708708e-10,2.7837094e-10,2.7417804e-10,2.7970337e-10,2.7448388e-10,2.7407704e-10,2.7352004e-10,2.7244115e-10,2.708872e-10,2.7387626e-10,2.6784547e-10,2.6963484e-10,2.659894e-10,2.6852107e-10,2.6479993e-10,2.6366495e-10,2.6226493e-10,2.6172378e-10,2.6029395e-10,2.5690405e-10,2.5794006e-10,2.546467e-10,2.5301933e-10,2.513687e-10,2.4920413e-10,2.4776897e-10,2.4549535e-10,2.432866e-10,2.4073837e-10,2.387115e-10,2.3615312e-10,2.3311716e-10,2.317237e-10,2.2761527e-10,2.2527204e-10,2.2237256e-10,-1090.6647,14.26357,-9.433285,5.1791754,-2.4585354,0.7064322,0.21029858,-0.7384058,0.8403652,-0.87379384,0.6468556,-0.5210078,0.23578504,-0.11687194,-0.11448696,0.13736184,-0.27275962,0.21624632,-0.25481156,0.14571628,-0.14818376,0.0042644925,-0.026257884,-0.098150134,0.072055876,-0.1381302,0.07254452,-0.1413642,0.021150101,-0.0700964,-0.020227423,-0.00034380704,-0.08715056,0.006084621,-0.11160993,0.02665776,-0.07496151,-0.007034898,-0.05045119,-0.047601983
42,0.9992192,1.0,0.99310726,0.9934673,0.98771054,0.9821932,0.97795993,0.9788072,0.98501295,0.98849666,0.99221,0.99314266,1.9838737e-09,1.9838593e-09,1.9838362e-09,1.983804e-09,1.9837616e-09,1.9837105e-09,1.98365e-09,1.9835802e-09,1.9835016e-09,1.9834132e-09,1.9833155e-09,1.9832085e-09,1.9830926e-09,1.9829676e-09,1.9828326e-09,1.9826885e-09,1.9825352e-09,1.9823725e-09,1.9822006e-09,1.9820194e-09,1.981829e-09,1.9816295e-09,1.9814204e-09,1.9812023e-09,1.9809752e-09,1.980738e-09,1.980492e-09,1.9802364e-09,1.979972e-09,1.9796986e-09,1.9794153e-09,1.9791233e-09,1.978822e-09,1.9785107e-09,1.9781907e-09,1.9778612e-09,1.9775235e-09,1.9771753e-09,1.9768183e-09,1.9764521e-09,1.9760766e-09,1.9693756e-09,1.9422282e-09,1.9969482e-09,2.0575317e-09,1.9679167e-09,1.9527109e-09,1.935481e-09,1.9164288e-09,1.9441102e-09,2.1603166e-09,1.8787365e-09,1.8527702e-09,2.1536004e-09,1.8840745e-09,1.9271595e-09,2.0643622e-09,1.8501186e-09,2.0804465e-09,1.8906665e-09,1.966692e-09,2.0218718e-09,1.8877477e-09,1.9596906e-09,2.0346387e-09,1.927627e-09,1.9416122e-09,1.9509723e-09,1.956081e-09,1.9572912e-09,1.9549298e-09,1.9493047e-09,1.9407027e-09,1.9293918e-09,1.9496729e-09,1.9833273e-09,1.898354e-09,1.9512862e-09,1.9391964e-09,1.9280155e-09,1.916626e-09,1.9623085e-09,1.9022857e-09,1.9134245e-09,1.9199793e-09,1.9282151e-09,1.9096074e-09,1.920987e-09,1.907683e-09,1.896378e-09,1.8825532e-09,1.9111432e-09,1.8816548e-09,1.8903732e-09,1.8619001e-09,1.8994215e-09,1.863977e-09,1.8612143e-09,1.8574315e-09,1.850105e-09,1.8395524e-09,1.8598505e-09,1.8188967e-09,1.8310478e-09,1.8062922e-09,1.8234843e-09,1.7982148e-09,1.7905073e-09,1.781e-09,1.7773252e-09,1.7676154e-09,1.7445949e-09,1.7516304e-09,1.7292656e-09,1.7182143e-09,1.7070053e-09,1.6923061e-09,1.6825603e-09,1.6671202e-09,1.6521211e-09,1.6348165e-09,1.6210521e-09,1.6036787e-09,1.583062e-09,1.5735993e-09,1.5456995e-09,1.529787e-09,1.5100972e-09,-1002.6907,22.87122,-17.787092,13.123579,-9.8574505,7.449218,-5.795348,4.4811277,-3.57635,2.7539666,-2.2331696,1.6749271,-1.3563501,0.962206,-0.775404,0.4732007,-0.36991155,0.15039635,-0.08836174,-0.073439,0.09036744,-0.23366168,0.20243205,-0.317616,0.28817666,-0.35961774,0.30852062,-0.39923579,0.30512017,-0.38052824,0.31299388,-0.34914815,0.26749766,-0.3433318,0.22127381,-0.2795578,0.19647819,-0.23833035,0.13838036,-0.19457579
43,0.9992192,1.0,0.9931072,0.9934673,0.9877105,0.9821932,0.9779605,0.9788076,0.98501307,0.9884966,0.99220985,0.99314255,1.8268714e-09,1.8268582e-09,1.8268371e-09,1.8268071e-09,1.8267688e-09,1.8267212e-09,1.8266657e-09,1.8266015e-09,1.8265292e-09,1.8264474e-09,1.8263577e-09,1.8262595e-09,1.8261521e-09,1.826037e-09,1.8259126e-09,1.8257801e-09,1.825639e-09,1.8254892e-09,1.825331e-09,1.8251644e-09,1.8249886e-09,1.8248048e-09,1.8246126e-09,1.824412e-09,1.8242021e-09,1.823984e-09,1.8237577e-09,1.8235223e-09,1.8232786e-09,1.8230268e-09,1.8227663e-09,1.8224969e-09,1.8222195e-09,1.8219332e-09,1.8216384e-09,1.8213353e-09,1.8210234e-09,1.8207033e-09,1.8203745e-09,1.8200375e-09,1.8196915e-09,1.8135204e-09,1.7885217e-09,1.8389109e-09,1.8947006e-09,1.8121774e-09,1.7981752e-09,1.782309e-09,1.7647643e-09,1.7902547e-09,1.989351e-09,1.7300551e-09,1.7061437e-09,1.9831663e-09,1.7349704e-09,1.7746458e-09,1.90099e-09,1.7037014e-09,1.915802e-09,1.741041e-09,1.8110496e-09,1.8618627e-09,1.7383528e-09,1.8046022e-09,1.873619e-09,1.7750761e-09,1.7879546e-09,1.7965736e-09,1.8012787e-09,1.8023927e-09,1.8002183e-09,1.7950386e-09,1.7871171e-09,1.7767009e-09,1.7953774e-09,1.8263685e-09,1.74812e-09,1.7968632e-09,1.7857301e-09,1.7754339e-09,1.764946e-09,1.8070131e-09,1.7517404e-09,1.7619974e-09,1.7680335e-09,1.7756179e-09,1.7584825e-09,1.7689614e-09,1.7567103e-09,1.7463002e-09,1.7335695e-09,1.7598968e-09,1.7327424e-09,1.7407706e-09,1.7145507e-09,1.7491031e-09,1.7164634e-09,1.7139192e-09,1.7104358e-09,1.7036891e-09,1.6939716e-09,1.7126633e-09,1.6749508e-09,1.6861402e-09,1.6633439e-09,1.6791754e-09,1.6559056e-09,1.648808e-09,1.640053e-09,1.636669e-09,1.6277276e-09,1.6065291e-09,1.6130077e-09,1.5924131e-09,1.5822363e-09,1.5719144e-09,1.5583783e-09,1.5494037e-09,1.5351858e-09,1.5213737e-09,1.5054384e-09,1.4927632e-09,1.4767649e-09,1.4577798e-09,1.4490658e-09,1.4233742e-09,1.408721e-09,1.3905892e-09,-1006.6151,22.692474,-17.609192,12.947088,-9.682913,7.2771826,-5.6263504,4.315645,-3.414907,2.5970254,-2.0811558,1.5282776,-1.215435,0.82741356,-0.64700806,0.35152087,-0.255212,0.042863995,0.011792362,-0.16612276,0.17544265,-0.3111024,0.27219647,-0.37973195,0.3426851,-0.40662134,0.34816122,-0.43165904,0.3305449,-0.39916027,0.32511654,-0.3550712,0.26755917,-0.3377636,0.2104926,-0.26395756,0.17644823,-0.21427396,0.11073166,-0.16375315
44,0.9992193,1.0,0.99310726,0.9934673,0.98771054,0.9821933,0.9779601,0.97880775,0.985013,0.9884969,0.99221003,0.99314266,4.2260586e-09,4.2260275e-09,4.2259787e-09,4.2259094e-09,4.22582e-09,4.2257113e-09,4.225582e-09,4.225435e-09,4.2252655e-09,4.2250776e-09,4.2248693e-09,4.224642e-09,4.2243937e-09,4.2241273e-09,4.2238413e-09,4.223535e-09,4.2232084e-09,4.2228607e-09,4.222495e-09,4.222109e-09,4.2217034e-09,4.2212784e-09,4.220832e-09,4.2203685e-09,4.219883e-09,4.219379e-09,4.2188546e-09,4.218311e-09,4.217747e-09,4.217164e-09,4.216561e-09,4.215939e-09,4.2152957e-09,4.2146344e-09,4.2139527e-09,4.2132506e-09,4.2125308e-09,4.211789e-09,4.2110293e-09,4.21025e-09,4.2094492e-09,4.195174e-09,4.137345e-09,4.253909e-09,4.3829647e-09,4.192067e-09,4.159676e-09,4.122973e-09,4.0823878e-09,4.1413544e-09,4.601919e-09,4.0020955e-09,3.9467816e-09,4.587611e-09,4.0134656e-09,4.1052455e-09,4.3975152e-09,3.9411328e-09,4.431779e-09,4.0275077e-09,4.1894577e-09,4.3070023e-09,4.02129e-09,4.1745443e-09,4.3341988e-09,4.106241e-09,4.136033e-09,4.1559716e-09,4.1668553e-09,4.1694324e-09,4.164402e-09,4.1524206e-09,4.1340957e-09,4.1100003e-09,4.153204e-09,4.2248947e-09,4.043884e-09,4.1566404e-09,4.1308867e-09,4.107069e-09,4.082807e-09,4.1801202e-09,4.0522594e-09,4.0759875e-09,4.08995e-09,4.107495e-09,4.0678563e-09,4.0920964e-09,4.0637564e-09,4.039675e-09,4.0102255e-09,4.0711274e-09,4.008312e-09,4.0268837e-09,3.96623e-09,4.046159e-09,3.970654e-09,3.9647685e-09,3.9567105e-09,3.9411034e-09,3.9186245e-09,3.9618637e-09,3.8746237e-09,3.9005084e-09,3.8477737e-09,3.884397e-09,3.830567e-09,3.814148e-09,3.793896e-09,3.7860675e-09,3.7653836e-09,3.716346e-09,3.7313326e-09,3.6836911e-09,3.6601495e-09,3.6362722e-09,3.6049597e-09,3.5841992e-09,3.5513086e-09,3.5193577e-09,3.4824952e-09,3.4531742e-09,3.4161651e-09,3.3722474e-09,3.3520893e-09,3.2926577e-09,3.2587608e-09,3.216817e-09,-966.5276,24.274555,-19.185284,14.513207,-11.235134,8.811641,-7.1392736,5.8033857,-4.8738856,4.0238657,-3.4725761,2.8811767,-2.5269055,2.094728,-1.8676462,1.5231836,-1.375802,1.1105758,-1.0014071,0.7912024,-0.72490853,0.5313816,-0.51183206,0.3454705,-0.32357225,0.20083399,-0.20085582,0.059540126,-0.103674,-0.020857468,0.0014445726,-0.08456245,0.048513055,-0.16841629,0.08880667,-0.18775669,0.1434365,-0.22203945,0.15675227,-0.24543285
45,0.9992193,1.0,0.99310726,0.99346733,0.9877106,0.9821934,0.97796035,0.9788076,0.9850129,0.9884968,0.9922099,0.99314284,4.9692683e-10,4.969232e-10,4.9691734e-10,4.9690924e-10,4.968987e-10,4.96886e-10,4.968709e-10,4.9685334e-10,4.968336e-10,4.9681137e-10,4.9678706e-10,4.967603e-10,4.967312e-10,4.9669974e-10,4.9666593e-10,4.966299e-10,4.965915e-10,4.965508e-10,4.965077e-10,4.964624e-10,4.9641474e-10,4.963647e-10,4.963123e-10,4.962577e-10,4.962008e-10,4.961414e-10,4.960797e-10,4.960158e-10,4.9594956e-10,4.9588095e-10,4.9581006e-10,4.957369e-10,4.9566146e-10,4.955835e-10,4.955033e-10,4.954208e-10,4.9533616e-10,4.9524884e-10,4.9515964e-10,4.950678e-10,4.949738e-10,4.9329524e-10,4.8649523e-10,5.002017e-10,5.153769e-10,4.929298e-10,4.891211e-10,4.8480525e-10,4.80033e-10,4.8696674e-10,5.411228e-10,4.705917e-10,4.6408768e-10,5.3944055e-10,4.7192883e-10,4.8272075e-10,5.170878e-10,4.6342338e-10,5.211167e-10,4.7358006e-10,4.9262305e-10,5.064447e-10,4.728488e-10,4.908694e-10,5.0964255e-10,4.82838e-10,4.8634097e-10,4.886855e-10,4.899653e-10,4.902684e-10,4.896769e-10,4.882679e-10,4.861132e-10,4.832799e-10,4.883601e-10,4.9678994e-10,4.755055e-10,4.8876425e-10,4.857359e-10,4.829353e-10,4.800824e-10,4.915251e-10,4.764904e-10,4.7928045e-10,4.809223e-10,4.8298526e-10,4.783243e-10,4.811747e-10,4.778423e-10,4.750106e-10,4.715478e-10,4.78709e-10,4.713227e-10,4.7350657e-10,4.663745e-10,4.7577303e-10,4.6689475e-10,4.6620274e-10,4.6525517e-10,4.6341997e-10,4.6077672e-10,4.6586107e-10,4.5560283e-10,4.586465e-10,4.524457e-10,4.5675203e-10,4.5042242e-10,4.4849174e-10,4.4611037e-10,4.4518986e-10,4.427577e-10,4.3699153e-10,4.3875378e-10,4.331518e-10,4.3038367e-10,4.2757597e-10,4.2389403e-10,4.214529e-10,4.1758544e-10,4.138284e-10,4.0949388e-10,4.060461e-10,4.016944e-10,3.9653028e-10,3.9415998e-10,3.871716e-10,3.831858e-10,3.7825376e-10,-1067.1047,17.799126,-12.798845,8.272823,-5.1945853,3.0201728,-1.6406649,0.63500965,-0.06605218,-0.4005884,0.55339456,-0.7388953,0.68735254,-0.72086036,0.56286496,-0.5415784,0.34728217,-0.29872385,0.12478399,-0.084308326,-0.06694886,0.058083396,-0.19144468,0.1481882,-0.22209644,0.17089634,-0.22158903,0.11358305,-0.17730008,0.062076543,-0.08381398,-0.0010567289,-0.03171812,-0.09095704,0.012022674,-0.108457625,0.05787936,-0.12633085,0.04720068,-0.11896417
46,0.9992193,1.0,0.9931073,0.9934675,0.9877106,0.9821935,0.9779611,0.97880775,0.985013,0.9884968,0.9922101,0.9931427,6.5538325e-10,6.553787e-10,6.55371e-10,6.5536004e-10,6.553463e-10,6.5532946e-10,6.553094e-10,6.552865e-10,6.5526035e-10,6.5523115e-10,6.5519884e-10,6.5516353e-10,6.5512534e-10,6.550838e-10,6.5503947e-10,6.549918e-10,6.5494105e-10,6.548872e-10,6.5483063e-10,6.547709e-10,6.5470784e-10,6.54642e-10,6.545728e-10,6.545007e-10,6.544257e-10,6.5434747e-10,6.542662e-10,6.541818e-10,6.5409433e-10,6.54004e-10,6.539103e-10,6.53814e-10,6.537143e-10,6.536117e-10,6.535059e-10,6.533972e-10,6.532854e-10,6.5317035e-10,6.530524e-10,6.5293165e-10,6.528076e-10,6.505936e-10,6.416255e-10,6.597023e-10,6.7971656e-10,6.501117e-10,6.4508854e-10,6.393966e-10,6.3310257e-10,6.422472e-10,7.136722e-10,6.2065064e-10,6.120726e-10,7.114535e-10,6.2241423e-10,6.3664746e-10,6.819731e-10,6.1119654e-10,6.8728667e-10,6.245917e-10,6.497072e-10,6.6793615e-10,6.236275e-10,6.4739436e-10,6.72154e-10,6.3680194e-10,6.41422e-10,6.445141e-10,6.4620187e-10,6.4660166e-10,6.458217e-10,6.439634e-10,6.411215e-10,6.373848e-10,6.440849e-10,6.552029e-10,6.271315e-10,6.44618e-10,6.40624e-10,6.3693034e-10,6.331677e-10,6.482591e-10,6.284303e-10,6.3211003e-10,6.342754e-10,6.369963e-10,6.30849e-10,6.346083e-10,6.302133e-10,6.2647865e-10,6.2191163e-10,6.313564e-10,6.2161476e-10,6.24495e-10,6.1508865e-10,6.274841e-10,6.157748e-10,6.1486216e-10,6.136125e-10,6.111921e-10,6.07706e-10,6.144116e-10,6.008823e-10,6.0489647e-10,5.9671834e-10,6.0239785e-10,5.940499e-10,5.915037e-10,5.883629e-10,5.871489e-10,5.839412e-10,5.763363e-10,5.7866045e-10,5.712722e-10,5.6762134e-10,5.639184e-10,5.5906235e-10,5.558428e-10,5.507421e-10,5.457871e-10,5.4007043e-10,5.355233e-10,5.297839e-10,5.2297305e-10,5.1984694e-10,5.106301e-10,5.053734e-10,4.988687e-10,-1054.506,19.201609,-14.163811,9.576649,-6.415558,4.139269,-2.6420405,1.5065149,-0.7995281,0.1908869,0.10375956,-0.42693883,0.5051513,-0.6571828,0.6036631,-0.6706318,0.5469151,-0.5503539,0.40982163,-0.38471413,0.23201501,-0.22439544,0.0617134,-0.06541752,-0.05547998,0.05583179,-0.15976734,0.10396824,-0.21637791,0.14424449,-0.20170113,0.14400527,-0.19456615,0.08012291,-0.15790655,0.05161658,-0.084680736,-0.007567972,-0.04302995,-0.0602428
47,0.9992193,1.0,0.99310726,0.99346733,0.9877105,0.98219335,0.97796005,0.97880745,0.98501307,0.98849666,0.99221015,0.9931426,1.5822873e-09,1.5822759e-09,1.5822574e-09,1.5822315e-09,1.5821977e-09,1.5821573e-09,1.5821089e-09,1.5820532e-09,1.5819904e-09,1.58192e-09,1.581842e-09,1.5817567e-09,1.5816641e-09,1.5815641e-09,1.5814569e-09,1.581342e-09,1.5812198e-09,1.5810901e-09,1.580953e-09,1.5808088e-09,1.5806566e-09,1.5804975e-09,1.5803309e-09,1.5801566e-09,1.579975e-09,1.5797864e-09,1.5795901e-09,1.5793863e-09,1.5791756e-09,1.5789571e-09,1.5787317e-09,1.578498e-09,1.578258e-09,1.57801e-09,1.5777547e-09,1.577492e-09,1.5772224e-09,1.5769448e-09,1.57666e-09,1.576368e-09,1.5760688e-09,1.5707238e-09,1.5490719e-09,1.5927152e-09,1.6410353e-09,1.5695604e-09,1.5574328e-09,1.5436905e-09,1.5284949e-09,1.5505727e-09,1.7230138e-09,1.4984324e-09,1.4777224e-09,1.717657e-09,1.50269e-09,1.5370534e-09,1.6464827e-09,1.4756074e-09,1.6593112e-09,1.5079477e-09,1.5685837e-09,1.6125934e-09,1.5056194e-09,1.5629994e-09,1.6227761e-09,1.5374263e-09,1.5485807e-09,1.556046e-09,1.5601207e-09,1.5610857e-09,1.5592025e-09,1.5547162e-09,1.5478553e-09,1.5388335e-09,1.5550095e-09,1.5818513e-09,1.5140789e-09,1.5562966e-09,1.546654e-09,1.5377363e-09,1.5286523e-09,1.5650874e-09,1.5172148e-09,1.5260988e-09,1.5313266e-09,1.5378954e-09,1.5230542e-09,1.5321302e-09,1.5215194e-09,1.5125029e-09,1.5014767e-09,1.5242791e-09,1.5007601e-09,1.507714e-09,1.4850041e-09,1.5149304e-09,1.4866607e-09,1.4844572e-09,1.4814401e-09,1.4755966e-09,1.46718e-09,1.4833695e-09,1.450706e-09,1.4603972e-09,1.4406529e-09,1.4543649e-09,1.4342104e-09,1.428063e-09,1.4204802e-09,1.4175493e-09,1.409805e-09,1.3914446e-09,1.3970558e-09,1.3792183e-09,1.3704042e-09,1.3614642e-09,1.3497403e-09,1.3419673e-09,1.3296528e-09,1.3176898e-09,1.3038881e-09,1.29291e-09,1.2790534e-09,1.2626102e-09,1.2550628e-09,1.2328106e-09,1.2201193e-09,1.204415e-09,-1013.403,22.305357,-17.224936,12.56756,-9.309974,6.9125853,-5.271803,3.9728074,-3.0852344,2.2819853,-1.781994,1.2461383,-0.951324,0.5821519,-0.4213319,0.14593092,-0.070024624,-0.12166037,0.15565649,-0.2894414,0.27852485,-0.39440122,0.3363021,-0.4253605,0.3707003,-0.41804206,0.3440398,-0.4131871,0.29899096,-0.35584766,0.27143276,-0.29239503,0.19732434,-0.26150316,0.1296139,-0.17985162,0.09052187,-0.12785006,0.025078118,-0.08008671
48,0.9992195,1.0,0.9931074,0.9934674,0.9877106,0.9821933,0.9779603,0.97880775,0.985013,0.98849684,0.99221003,0.9931427,3.3937069e-09,3.3936827e-09,3.3936431e-09,3.3935874e-09,3.393515e-09,3.393428e-09,3.3933247e-09,3.3932053e-09,3.39307e-09,3.3929193e-09,3.3927527e-09,3.3925693e-09,3.3923706e-09,3.3921561e-09,3.3919259e-09,3.3916794e-09,3.3914178e-09,3.3911391e-09,3.3908456e-09,3.3905359e-09,3.3902094e-09,3.389868e-09,3.3895111e-09,3.3891376e-09,3.3887482e-09,3.3883432e-09,3.3879226e-09,3.3874854e-09,3.3870327e-09,3.3865648e-09,3.3860805e-09,3.3855807e-09,3.3850656e-09,3.384533e-09,3.3839849e-09,3.3834224e-09,3.3828433e-09,3.3822487e-09,3.3816379e-09,3.3810108e-09,3.3803693e-09,3.368906e-09,3.322466e-09,3.4160719e-09,3.51971e-09,3.3664098e-09,3.3403986e-09,3.3109246e-09,3.2783325e-09,3.3256857e-09,3.6955388e-09,3.2138545e-09,3.1694358e-09,3.68405e-09,3.2229863e-09,3.2966891e-09,3.5313945e-09,3.164899e-09,3.5589092e-09,3.2342629e-09,3.3643155e-09,3.4587084e-09,3.2292693e-09,3.3523384e-09,3.4805478e-09,3.2974887e-09,3.321413e-09,3.3374243e-09,3.346164e-09,3.348234e-09,3.3441951e-09,3.3345724e-09,3.3198568e-09,3.300507e-09,3.3352014e-09,3.392773e-09,3.2474134e-09,3.3379624e-09,3.3172798e-09,3.2981538e-09,3.27867e-09,3.3568162e-09,3.2541387e-09,3.2731933e-09,3.2844063e-09,3.2984948e-09,3.2666634e-09,3.28613e-09,3.2633718e-09,3.2440328e-09,3.220384e-09,3.2692906e-09,3.218847e-09,3.2337608e-09,3.185053e-09,3.2492398e-09,3.1886063e-09,3.1838803e-09,3.177409e-09,3.1648761e-09,3.1468241e-09,3.1815475e-09,3.1114897e-09,3.1322762e-09,3.089928e-09,3.1193377e-09,3.0761105e-09,3.0629255e-09,3.0466616e-09,3.0403753e-09,3.0237652e-09,2.9843856e-09,2.996421e-09,2.9581626e-09,2.939258e-09,2.920083e-09,2.8949378e-09,2.878266e-09,2.8518539e-09,2.826196e-09,2.7965936e-09,2.7730476e-09,2.7433278e-09,2.70806e-09,2.6918723e-09,2.6441458e-09,2.6169251e-09,2.5832427e-09,-977.05255,23.91766,-18.829311,14.158789,-10.882883,8.462206,-6.7932463,5.461353,-4.536403,3.6915414,-3.1459403,2.5607698,-2.2132401,1.7883,-1.5689414,1.2326403,-1.0938725,0.83761597,-0.737808,0.5373238,-0.48103747,0.29785335,-0.28887832,0.1333017,-0.12241794,0.010827944,-0.022149576,-0.107774705,0.052167006,-0.16522086,0.13431928,-0.20597742,0.15849933,-0.26712427,0.17632169,-0.26424435,0.2090813,-0.27705383,0.20136854,-0.27989838
49,0.9992193,1.0,0.9931073,0.99346733,0.98771065,0.9821934,0.97796017,0.9788076,0.98501307,0.98849666,0.99221,0.9931427,6.80582e-09,6.8057715e-09,6.805692e-09,6.805579e-09,6.8054358e-09,6.805261e-09,6.8050534e-09,6.804813e-09,6.8045436e-09,6.80424e-09,6.803906e-09,6.80354e-09,6.8031416e-09,6.8027113e-09,6.8022485e-09,6.801754e-09,6.801228e-09,6.8006707e-09,6.800081e-09,6.7994597e-09,6.798806e-09,6.7981225e-09,6.797405e-09,6.796656e-09,6.795875e-09,6.7950627e-09,6.79422e-09,6.7933428e-09,6.792436e-09,6.7914967e-09,6.790525e-09,6.7895223e-09,6.788489e-09,6.787423e-09,6.7863244e-09,6.785194e-09,6.784034e-09,6.78284e-09,6.7816166e-09,6.7803603e-09,6.7790724e-09,6.7560837e-09,6.6629524e-09,6.850671e-09,7.0585093e-09,6.751078e-09,6.698915e-09,6.639806e-09,6.574446e-09,6.6694086e-09,7.41112e-09,6.4451395e-09,6.3560606e-09,7.38808e-09,6.463452e-09,6.6112578e-09,7.0819404e-09,6.346964e-09,7.137121e-09,6.4860672e-09,6.7468777e-09,6.936176e-09,6.476053e-09,6.7228587e-09,6.979974e-09,6.6128605e-09,6.660839e-09,6.6929497e-09,6.7104766e-09,6.714627e-09,6.706527e-09,6.6872294e-09,6.65772e-09,6.6189147e-09,6.688492e-09,6.803946e-09,6.5124395e-09,6.6940276e-09,6.652552e-09,6.614195e-09,6.575122e-09,6.731838e-09,6.525927e-09,6.564139e-09,6.586626e-09,6.6148798e-09,6.551044e-09,6.5900827e-09,6.544443e-09,6.50566e-09,6.4582335e-09,6.556313e-09,6.455152e-09,6.485061e-09,6.387381e-09,6.516102e-09,6.3945063e-09,6.385028e-09,6.372051e-09,6.3469168e-09,6.3107155e-09,6.3803505e-09,6.2398553e-09,6.2815406e-09,6.1966148e-09,6.255594e-09,6.168904e-09,6.1424625e-09,6.109847e-09,6.0972414e-09,6.0639307e-09,5.984958e-09,6.009093e-09,5.9323693e-09,5.8944574e-09,5.8560037e-09,5.805577e-09,5.7721437e-09,5.7191754e-09,5.6677196e-09,5.6083547e-09,5.5611347e-09,5.501534e-09,5.430807e-09,5.398344e-09,5.3026326e-09,5.248043e-09,5.180496e-09,-943.5171,24.843616,-19.753456,15.07992,-11.799803,9.373701,-7.6981587,6.3585196,-5.424711,4.5698404,-4.0131674,3.4158454,-3.0551543,2.6160288,-2.381555,2.0292087,-1.8734679,1.5994687,-1.481098,1.2612989,-1.1850302,0.981136,-0.9508923,0.7735319,-0.7403022,0.6059823,-0.5941638,0.44075933,-0.47259766,0.335586,-0.3423419,0.246446,-0.2695927,0.13667327,-0.20320079,0.09113748,-0.12228668,0.030528337,-0.082684815,-0.019078821
50,0.9992195,1.0,0.99310744,0.9934675,0.9877107,0.98219347,0.9779601,0.97880775,0.98501307,0.98849684,0.99221015,0.99314284,1.3583532e-08,1.3583434e-08,1.3583276e-08,1.3583053e-08,1.3582766e-08,1.3582415e-08,1.3582e-08,1.3581522e-08,1.35809834e-08,1.3580377e-08,1.3579709e-08,1.3578977e-08,1.3578185e-08,1.3577326e-08,1.3576402e-08,1.3575421e-08,1.3574366e-08,1.3573253e-08,1.3572076e-08,1.3570838e-08,1.356953e-08,1.3568164e-08,1.35667335e-08,1.3565242e-08,1.3563687e-08,1.3562058e-08,1.3560378e-08,1.3558629e-08,1.3556815e-08,1.3554942e-08,1.3553007e-08,1.35510065e-08,1.3548941e-08,1.3546813e-08,1.3544619e-08,1.3542366e-08,1.35400455e-08,1.3537664e-08,1.35352245e-08,1.3532716e-08,1.3530144e-08,1.3484263e-08,1.3298384e-08,1.3673051e-08,1.4087867e-08,1.3474273e-08,1.3370164e-08,1.3252189e-08,1.31217375e-08,1.331127e-08,1.4791635e-08,1.2863661e-08,1.2685872e-08,1.47456465e-08,1.2900211e-08,1.3195211e-08,1.4134635e-08,1.2667713e-08,1.4244764e-08,1.2945344e-08,1.3465888e-08,1.3843705e-08,1.292536e-08,1.3417952e-08,1.3931119e-08,1.319841e-08,1.3294169e-08,1.3358257e-08,1.3393238e-08,1.34015234e-08,1.3385355e-08,1.3346841e-08,1.328794e-08,1.3210492e-08,1.3349359e-08,1.35797915e-08,1.2997981e-08,1.3360407e-08,1.3277627e-08,1.32010705e-08,1.31230875e-08,1.3435873e-08,1.30249e-08,1.3101167e-08,1.3146047e-08,1.320244e-08,1.3075033e-08,1.3152947e-08,1.3061856e-08,1.298445e-08,1.2889794e-08,1.3085547e-08,1.2883643e-08,1.2943338e-08,1.2748382e-08,1.3005291e-08,1.2762603e-08,1.2743686e-08,1.2717786e-08,1.2667621e-08,1.25953665e-08,1.2734349e-08,1.2453938e-08,1.25371376e-08,1.2367638e-08,1.248535e-08,1.231233e-08,1.2259555e-08,1.21944606e-08,1.2169299e-08,1.2102816e-08,1.1945196e-08,1.1993366e-08,1.18402355e-08,1.176457e-08,1.1687822e-08,1.1587176e-08,1.1520447e-08,1.141473e-08,1.131203e-08,1.1193547e-08,1.1099301e-08,1.0980346e-08,1.08391855e-08,1.0774393e-08,1.0583365e-08,1.04744124e-08,1.0339596e-08,-909.97046,25.422607,-20.331966,15.657593,-12.376308,9.948708,-8.271343,6.92957,-5.9932904,5.135625,-4.575841,3.9751015,-3.6106596,3.1675181,-2.9286861,2.5717049,-2.411049,2.131836,-2.0079672,1.7824147,-1.7001091,1.4899279,-1.453146,1.26898,-1.2287517,1.0871594,-1.0678692,0.9067584,-0.93070996,0.78560543,-0.78410244,0.6797396,-0.6942583,0.55257297,-0.6101782,0.48903877,-0.5110128,0.40994304,-0.45267114,0.34138405
51,0.99921936,1.0,0.99310726,0.99346733,0.9877107,0.98219347,0.97796005,0.97880757,0.985013,0.9884969,0.99221003,0.9931427,1.0437845e-09,1.0437771e-09,1.0437649e-09,1.0437476e-09,1.0437257e-09,1.0436987e-09,1.043667e-09,1.0436301e-09,1.0435888e-09,1.0435423e-09,1.0434908e-09,1.0434346e-09,1.0433735e-09,1.0433074e-09,1.0432366e-09,1.0431609e-09,1.0430803e-09,1.0429948e-09,1.0429043e-09,1.0428091e-09,1.0427088e-09,1.0426038e-09,1.0424939e-09,1.0423788e-09,1.0422595e-09,1.0421345e-09,1.0420053e-09,1.041871e-09,1.0417318e-09,1.0415879e-09,1.0414388e-09,1.0412852e-09,1.0411266e-09,1.0409631e-09,1.0407945e-09,1.0406213e-09,1.0404432e-09,1.0402602e-09,1.0400726e-09,1.0398798e-09,1.0396823e-09,1.0361566e-09,1.0218733e-09,1.0506634e-09,1.0825387e-09,1.035389e-09,1.0273887e-09,1.0183234e-09,1.0082994e-09,1.0228636e-09,1.1366174e-09,9.884683e-10,9.748066e-10,1.1330837e-09,9.912767e-10,1.0139452e-09,1.0861323e-09,9.734114e-10,1.094595e-09,9.947451e-10,1.0347446e-09,1.0637766e-09,9.932093e-10,1.0310609e-09,1.0704937e-09,1.0141913e-09,1.0215493e-09,1.0264739e-09,1.0291621e-09,1.0297986e-09,1.0285561e-09,1.0255966e-09,1.0210709e-09,1.0151195e-09,1.0257903e-09,1.0434972e-09,9.987899e-10,1.0266394e-09,1.0202784e-09,1.0143957e-09,1.0084032e-09,1.0324384e-09,1.0008583e-09,1.0067189e-09,1.0101674e-09,1.0145006e-09,1.0047104e-09,1.0106975e-09,1.003698e-09,9.977501e-10,9.904765e-10,1.0055184e-09,9.900037e-10,9.945909e-10,9.796101e-10,9.993515e-10,9.807029e-10,9.792491e-10,9.772588e-10,9.734041e-10,9.67852e-10,9.785317e-10,9.569845e-10,9.633776e-10,9.503529e-10,9.593982e-10,9.46103e-10,9.420478e-10,9.370457e-10,9.351122e-10,9.300035e-10,9.1789176e-10,9.215933e-10,9.098264e-10,9.04012e-10,8.981146e-10,8.9038066e-10,8.8525315e-10,8.771297e-10,8.692381e-10,8.601334e-10,8.5289154e-10,8.437508e-10,8.3290363e-10,8.2792495e-10,8.13246e-10,8.0487383e-10,7.945143e-10,-1032.9567,21.054459,-15.985838,11.347988,-8.117381,5.7541723,-4.154353,2.9026241,-2.0681348,1.3231189,-0.88591194,0.41669345,-0.19161755,-0.10546144,0.19262001,-0.393555,0.3949527,-0.51284623,0.47450176,-0.53810656,0.45980975,-0.51169074,0.39354792,-0.42701095,0.32158986,-0.3233325,0.20917861,-0.24379876,0.100783855,-0.13459852,0.032837726,-0.042042278,-0.05941593,-0.0035468414,-0.12478306,0.06650987,-0.14378947,0.09082925,-0.1748789,0.09854956
52,0.9992194,1.0,0.9931074,0.99346745,0.9877108,0.98219347,0.9779602,0.9788076,0.9850131,0.98849684,0.9922101,0.99314284,1.2758333e-08,1.2758244e-08,1.2758095e-08,1.2757887e-08,1.275762e-08,1.275729e-08,1.2756899e-08,1.2756451e-08,1.2755943e-08,1.27553745e-08,1.2754747e-08,1.2754057e-08,1.2753311e-08,1.2752507e-08,1.2751639e-08,1.2750712e-08,1.27497275e-08,1.2748684e-08,1.2747575e-08,1.2746413e-08,1.2745187e-08,1.2743903e-08,1.274256e-08,1.2741155e-08,1.27396955e-08,1.273817e-08,1.273659e-08,1.2734948e-08,1.2733245e-08,1.2731487e-08,1.27296635e-08,1.2727787e-08,1.2725846e-08,1.2723847e-08,1.2721789e-08,1.2719671e-08,1.2717495e-08,1.2715257e-08,1.2712963e-08,1.2710607e-08,1.2708193e-08,1.2665096e-08,1.2490512e-08,1.2842417e-08,1.3232035e-08,1.2655717e-08,1.255793e-08,1.2447122e-08,1.23245965e-08,1.2502618e-08,1.3893045e-08,1.2082197e-08,1.1915208e-08,1.3849855e-08,1.2116526e-08,1.2393607e-08,1.3275961e-08,1.1898155e-08,1.33794e-08,1.215892e-08,1.2647842e-08,1.3002702e-08,1.2140147e-08,1.2602814e-08,1.3084807e-08,1.2396611e-08,1.24865505e-08,1.2546747e-08,1.2579603e-08,1.2587384e-08,1.2572198e-08,1.2536024e-08,1.2480703e-08,1.2407959e-08,1.2538391e-08,1.2754822e-08,1.2208357e-08,1.25487665e-08,1.2471014e-08,1.2399112e-08,1.2325865e-08,1.2619648e-08,1.2233642e-08,1.2305275e-08,1.2347428e-08,1.2400394e-08,1.22807275e-08,1.235391e-08,1.2268352e-08,1.2195647e-08,1.2106742e-08,1.2290603e-08,1.2100966e-08,1.2157033e-08,1.19739205e-08,1.22152235e-08,1.1987277e-08,1.1969511e-08,1.19451835e-08,1.18980665e-08,1.1830201e-08,1.1960742e-08,1.1697366e-08,1.177551e-08,1.1616306e-08,1.1726868e-08,1.156436e-08,1.1514793e-08,1.14536505e-08,1.1430017e-08,1.13675735e-08,1.1219528e-08,1.1264773e-08,1.1120946e-08,1.1049876e-08,1.097779e-08,1.0883257e-08,1.08205835e-08,1.0721289e-08,1.0624827e-08,1.0513541e-08,1.0425022e-08,1.0313293e-08,1.0180708e-08,1.0119852e-08,9.940428e-09,9.838095e-09,9.711468e-09,-913.0259,25.3886,-20.29795,15.623589,-12.342323,9.914751,-8.237421,6.8956623,-5.9594097,5.101811,-4.5420685,3.941382,-3.577011,3.1339328,-2.8951693,2.5382571,-2.3776743,2.0985518,-1.9747825,1.7493045,-1.6671,1.4570342,-1.4203506,1.2363081,-1.1961905,1.0547202,-1.0355486,0.8745845,-0.8986797,0.7537074,-0.7523502,0.64814985,-0.6628203,0.521297,-0.5790736,0.458113,-0.48025835,0.379356,-0.42228937,0.3111865
53,0.9992193,1.0,0.9931074,0.99346745,0.98771065,0.98219347,0.9779603,0.97880757,0.98501325,0.98849684,0.99221003,0.9931427,6.9300605e-09,6.93001e-09,6.9299295e-09,6.9298163e-09,6.9296684e-09,6.9294916e-09,6.9292794e-09,6.929035e-09,6.928761e-09,6.928453e-09,6.92811e-09,6.927738e-09,6.927332e-09,6.926894e-09,6.9264234e-09,6.9259203e-09,6.9253843e-09,6.924816e-09,6.924216e-09,6.9235835e-09,6.9229187e-09,6.9222215e-09,6.9214905e-09,6.9207298e-09,6.9199353e-09,6.919108e-09,6.918247e-09,6.9173556e-09,6.916431e-09,6.9154753e-09,6.9144876e-09,6.9134667e-09,6.9124138e-09,6.9113275e-09,6.9102084e-09,6.909058e-09,6.907877e-09,6.90666e-09,6.905415e-09,6.9041364e-09,6.902824e-09,6.879415e-09,6.7845844e-09,6.97573e-09,7.187363e-09,6.8743193e-09,6.821203e-09,6.7610157e-09,6.6944628e-09,6.7911583e-09,7.5464115e-09,6.562795e-09,6.472091e-09,7.522949e-09,6.581443e-09,6.7319474e-09,7.211223e-09,6.4628285e-09,7.26741e-09,6.6044703e-09,6.8700414e-09,7.0627957e-09,6.5942736e-09,6.8455845e-09,7.1073925e-09,6.7335795e-09,6.7824337e-09,6.81513e-09,6.8329755e-09,6.837202e-09,6.8289543e-09,6.809305e-09,6.7792567e-09,6.739742e-09,6.81059e-09,6.9281523e-09,6.6313235e-09,6.8162267e-09,6.7739947e-09,6.734937e-09,6.695151e-09,6.8547283e-09,6.645058e-09,6.6839676e-09,6.706865e-09,6.7356347e-09,6.670634e-09,6.7103842e-09,6.6639108e-09,6.624421e-09,6.576129e-09,6.6759984e-09,6.57299e-09,6.603446e-09,6.503983e-09,6.6350534e-09,6.5112387e-09,6.5015877e-09,6.4883725e-09,6.4627805e-09,6.425918e-09,6.4968235e-09,6.3537637e-09,6.3962107e-09,6.3097345e-09,6.369789e-09,6.2815175e-09,6.2545933e-09,6.2213825e-09,6.2085466e-09,6.174627e-09,6.094213e-09,6.118789e-09,6.0406644e-09,6.0020606e-09,5.9629053e-09,5.9115575e-09,5.8775136e-09,5.823578e-09,5.771184e-09,5.7107354e-09,5.6626535e-09,5.6019647e-09,5.529947e-09,5.4968914e-09,5.3994325e-09,5.3438467e-09,5.2750657e-09,-942.6421,24.86325,-19.773075,15.099496,-11.819332,9.393158,-7.717532,6.377802,-5.4438553,4.5888786,-4.0320783,3.4345937,-3.0737464,2.634441,-2.399771,2.0472133,-1.8912708,1.6170238,-1.4984187,1.278373,-1.201833,0.9976641,-0.9671228,0.78947246,-0.7559513,0.62129116,-0.60913956,0.4553929,-0.48688212,0.34952107,-0.3559179,0.25965333,-0.28242892,0.14912044,-0.21525756,0.102797985,-0.13356102,0.04139307,-0.093138695,-0.009045213
54,0.9992193,1.0,0.9931074,0.99346745,0.9877108,0.98219365,0.97796094,0.97880787,0.9850132,0.98849684,0.99221003,0.9931428,3.8019235e-10,3.8018966e-10,3.8018524e-10,3.8017897e-10,3.8017098e-10,3.8016115e-10,3.801496e-10,3.8013623e-10,3.801211e-10,3.8010411e-10,3.8008552e-10,3.8006498e-10,3.8004266e-10,3.8001868e-10,3.7999287e-10,3.7996528e-10,3.7993594e-10,3.7990483e-10,3.7987177e-10,3.7983708e-10,3.7980064e-10,3.7976233e-10,3.7972225e-10,3.7968045e-10,3.7963688e-10,3.795915e-10,3.795443e-10,3.7949535e-10,3.7944473e-10,3.7939224e-10,3.7933803e-10,3.79282e-10,3.792242e-10,3.7916464e-10,3.7910325e-10,3.7904024e-10,3.789754e-10,3.7890868e-10,3.7884026e-10,3.7877013e-10,3.7869816e-10,3.7741385e-10,3.7221137e-10,3.826979e-10,3.943084e-10,3.7713443e-10,3.7422032e-10,3.7091835e-10,3.6726716e-10,3.72572e-10,4.1400622e-10,3.6004377e-10,3.5506756e-10,4.1271903e-10,3.610668e-10,3.6932363e-10,3.9561732e-10,3.5455938e-10,3.9869982e-10,3.6233003e-10,3.768997e-10,3.8747439e-10,3.617706e-10,3.7555792e-10,3.899211e-10,3.694132e-10,3.7209336e-10,3.738871e-10,3.7486625e-10,3.750981e-10,3.7464562e-10,3.7356757e-10,3.7191908e-10,3.697513e-10,3.7363815e-10,3.8008768e-10,3.6380332e-10,3.7394737e-10,3.716304e-10,3.6948766e-10,3.6730494e-10,3.7605957e-10,3.6455675e-10,3.6669143e-10,3.679476e-10,3.6952597e-10,3.6595987e-10,3.6814063e-10,3.6559109e-10,3.6342457e-10,3.607752e-10,3.662542e-10,3.6060305e-10,3.6227382e-10,3.5681721e-10,3.6400793e-10,3.5721526e-10,3.5668576e-10,3.5596082e-10,3.5455677e-10,3.5253442e-10,3.5642442e-10,3.4857603e-10,3.5090464e-10,3.4616043e-10,3.494552e-10,3.4461248e-10,3.4313535e-10,3.4131337e-10,3.4060915e-10,3.387483e-10,3.3433667e-10,3.3568495e-10,3.3139894e-10,3.2928107e-10,3.27133e-10,3.2431596e-10,3.2244826e-10,3.1948932e-10,3.166149e-10,3.1329858e-10,3.1066077e-10,3.073313e-10,3.0338027e-10,3.015668e-10,2.962201e-10,2.931706e-10,2.8939717e-10,-1079.1035,16.18264,-11.24424,6.8181696,-3.873324,1.859738,-0.6612002,-0.15131491,0.52321386,-0.79702294,0.7688755,-0.7919661,0.6020001,-0.5250055,0.28672287,-0.21595159,0.0019732127,0.038965974,-0.18179949,0.17247835,-0.2606119,0.18102871,-0.24171057,0.12903208,-0.14135247,0.039988548,-0.05450533,-0.07430816,0.01580811,-0.12158463,0.07754494,-0.12987141,0.05745785,-0.13675728,0.01419729,-0.06996971,-0.01557076,-0.02581507,-0.07099506,0.006915383
55,0.99921924,1.0,0.99310714,0.9934672,0.9877105,0.9821933,0.97796005,0.9788075,0.9850129,0.9884966,0.99221,0.9931428,6.8545356e-09,6.8544876e-09,6.8544077e-09,6.8542954e-09,6.8541506e-09,6.8539743e-09,6.8537647e-09,6.853524e-09,6.8532504e-09,6.8529458e-09,6.8526087e-09,6.8522383e-09,6.851837e-09,6.8514043e-09,6.8509407e-09,6.8504424e-09,6.849912e-09,6.8493495e-09,6.848757e-09,6.848131e-09,6.847473e-09,6.8467836e-09,6.8460606e-09,6.8453065e-09,6.844522e-09,6.843703e-09,6.8428534e-09,6.841971e-09,6.841056e-09,6.8401116e-09,6.839133e-09,6.838123e-09,6.837081e-09,6.8360073e-09,6.8349006e-09,6.8337638e-09,6.8325954e-09,6.8313932e-09,6.8301595e-09,6.828895e-09,6.827599e-09,6.8044432e-09,6.710646e-09,6.899711e-09,7.109036e-09,6.7994037e-09,6.746867e-09,6.6873342e-09,6.621506e-09,6.717148e-09,7.46417e-09,6.4912746e-09,6.4015584e-09,7.4409647e-09,6.509718e-09,6.658582e-09,7.1326345e-09,6.3923955e-09,7.1882083e-09,6.5324937e-09,6.7951715e-09,6.9858244e-09,6.5224084e-09,6.770981e-09,7.029936e-09,6.6601973e-09,6.7085186e-09,6.7408576e-09,6.758511e-09,6.7626917e-09,6.754533e-09,6.7350974e-09,6.705376e-09,6.6662937e-09,6.736369e-09,6.852649e-09,6.5590564e-09,6.741945e-09,6.700172e-09,6.6615398e-09,6.622188e-09,6.780027e-09,6.57264e-09,6.611126e-09,6.6337735e-09,6.66223e-09,6.5979373e-09,6.6372547e-09,6.5912884e-09,6.552228e-09,6.5044627e-09,6.6032437e-09,6.5013577e-09,6.531481e-09,6.433102e-09,6.562745e-09,6.4402785e-09,6.4307333e-09,6.4176624e-09,6.3923484e-09,6.355888e-09,6.4260206e-09,6.2845205e-09,6.3265038e-09,6.2409704e-09,6.300372e-09,6.2130616e-09,6.186431e-09,6.153582e-09,6.140885e-09,6.1073364e-09,6.027798e-09,6.0521064e-09,5.9748335e-09,5.9366503e-09,5.8979217e-09,5.8471334e-09,5.813461e-09,5.7601133e-09,5.7082894e-09,5.6485003e-09,5.600942e-09,5.540914e-09,5.4696816e-09,5.436986e-09,5.3405893e-09,5.285609e-09,5.217578e-09,-943.1721,24.851355,-19.761189,15.087635,-11.807513,9.3813715,-7.7057967,6.3661194,-5.432249,4.577347,-4.0206246,3.4232404,-3.0624819,2.623291,-2.3887365,2.036308,-1.8804915,1.6063881,-1.4879316,1.2680311,-1.191643,0.9876566,-0.95729035,0.77981216,-0.7464702,0.6120121,-0.6000742,0.4465352,-0.47822794,0.3410867,-0.34769058,0.25165355,-0.27465585,0.1415782,-0.20795777,0.09573488,-0.12673903,0.03481394,-0.086804315,-0.015119832
56,0.99921936,1.0,0.99310726,0.9934673,0.98771054,0.9821934,0.97796047,0.9788077,0.98501295,0.98849666,0.99221003,0.99314266,3.8494212e-09,3.8493937e-09,3.8493484e-09,3.849285e-09,3.849205e-09,3.849105e-09,3.848988e-09,3.848852e-09,3.8487e-09,3.8485273e-09,3.8483385e-09,3.848132e-09,3.8479064e-09,3.8476626e-09,3.847401e-09,3.8471213e-09,3.846824e-09,3.846509e-09,3.8461745e-09,3.8458237e-09,3.8454546e-09,3.8450665e-09,3.8446606e-09,3.8442383e-09,3.843797e-09,3.8433368e-09,3.84286e-09,3.8423638e-09,3.84185e-09,3.8413193e-09,3.8407713e-09,3.8402037e-09,3.839619e-09,3.8390153e-09,3.8383945e-09,3.8377546e-09,3.8370986e-09,3.836423e-09,3.835731e-09,3.8350207e-09,3.8342924e-09,3.821289e-09,3.7686143e-09,3.8747903e-09,3.9923447e-09,3.818459e-09,3.788955e-09,3.755523e-09,3.7185546e-09,3.772266e-09,4.1917834e-09,3.6454177e-09,3.595034e-09,4.178752e-09,3.6557752e-09,3.739375e-09,4.005597e-09,3.5898884e-09,4.0368073e-09,3.6685668e-09,3.8160826e-09,3.9231507e-09,3.6629029e-09,3.8024974e-09,3.947923e-09,3.7402828e-09,3.767419e-09,3.7855803e-09,3.7954946e-09,3.797842e-09,3.793261e-09,3.782346e-09,3.7656545e-09,3.7437067e-09,3.783059e-09,3.8483616e-09,3.6834826e-09,3.78619e-09,3.7627315e-09,3.741037e-09,3.7189374e-09,3.807577e-09,3.6911116e-09,3.7127241e-09,3.725443e-09,3.7414236e-09,3.705318e-09,3.727398e-09,3.7015842e-09,3.6796481e-09,3.6528238e-09,3.7082981e-09,3.6510805e-09,3.6679975e-09,3.6127492e-09,3.685554e-09,3.6167793e-09,3.611418e-09,3.6040781e-09,3.589862e-09,3.5693861e-09,3.608772e-09,3.529307e-09,3.5528847e-09,3.50485e-09,3.538209e-09,3.489177e-09,3.4742214e-09,3.455774e-09,3.4486436e-09,3.429803e-09,3.3851353e-09,3.3987864e-09,3.355391e-09,3.3339478e-09,3.3121985e-09,3.283676e-09,3.264766e-09,3.2348069e-09,3.2057033e-09,3.1721261e-09,3.1454181e-09,3.1117078e-09,3.0717042e-09,3.0533425e-09,2.9992075e-09,2.9683316e-09,2.930126e-09,-971.0068,24.12267,-19.033787,14.362375,-11.0852375,8.662935,-6.9920254,5.6578293,-4.7302656,3.8824375,-3.3335757,2.744817,-2.393424,1.9643176,-1.7405251,1.3995411,-1.2558146,0.99441326,-0.8892329,0.68316877,-0.6211151,0.43199867,-0.4169479,0.25517508,-0.23797974,0.119969964,-0.12481505,-0.011661775,-0.037367508,-0.08229172,0.057997864,-0.13622898,0.09528966,-0.21041554,0.12603521,-0.22030112,0.17137392,-0.24545264,0.17574657,-0.2601091
57,0.9992192,1.0,0.99310714,0.9934674,0.98771054,0.9821933,0.97796017,0.97880745,0.98501307,0.98849666,0.99221003,0.9931426,2.3758764e-10,2.3758592e-10,2.375832e-10,2.375793e-10,2.3757427e-10,2.3756813e-10,2.375609e-10,2.3755256e-10,2.3754307e-10,2.375325e-10,2.3752078e-10,2.37508e-10,2.3749414e-10,2.3747915e-10,2.3746297e-10,2.3744573e-10,2.3742738e-10,2.3740787e-10,2.3738733e-10,2.3736565e-10,2.3734284e-10,2.3731894e-10,2.372939e-10,2.3726773e-10,2.372405e-10,2.3721214e-10,2.3718272e-10,2.3715205e-10,2.3712046e-10,2.3708766e-10,2.3705377e-10,2.3701874e-10,2.3698263e-10,2.3694546e-10,2.3690708e-10,2.3686766e-10,2.368271e-10,2.3678542e-10,2.367427e-10,2.3669888e-10,2.3665392e-10,2.3585137e-10,2.326002e-10,2.3915345e-10,2.4640892e-10,2.3567667e-10,2.3385566e-10,2.317922e-10,2.295105e-10,2.3282556e-10,2.5871838e-10,2.249965e-10,2.2188679e-10,2.5791405e-10,2.2563576e-10,2.3079559e-10,2.472269e-10,2.2156924e-10,2.491532e-10,2.2642525e-10,2.3552998e-10,2.4213828e-10,2.2607566e-10,2.3469154e-10,2.4366728e-10,2.3085157e-10,2.3252646e-10,2.3364743e-10,2.3425928e-10,2.3440413e-10,2.341214e-10,2.3344776e-10,2.3241754e-10,2.310629e-10,2.3349178e-10,2.3752222e-10,2.2734588e-10,2.3368502e-10,2.3223717e-10,2.3089812e-10,2.2953413e-10,2.3500502e-10,2.2781672e-10,2.291507e-10,2.299357e-10,2.3092203e-10,2.2869356e-10,2.3005634e-10,2.2846312e-10,2.2710922e-10,2.2545356e-10,2.288775e-10,2.2534599e-10,2.2639013e-10,2.2298016e-10,2.2747376e-10,2.232289e-10,2.2289805e-10,2.2244503e-10,2.215676e-10,2.203038e-10,2.227347e-10,2.1783012e-10,2.1928531e-10,2.163206e-10,2.1837954e-10,2.1535325e-10,2.144302e-10,2.1329159e-10,2.1285151e-10,2.1168867e-10,2.0893176e-10,2.0977431e-10,2.0709592e-10,2.0577245e-10,2.0443006e-10,2.0266969e-10,2.0150252e-10,1.9965345e-10,1.9785718e-10,1.9578476e-10,1.9413633e-10,1.920557e-10,1.8958667e-10,1.8845339e-10,1.8511216e-10,1.8320648e-10,1.8084842e-10,-1099.5227,12.477251,-7.7900715,3.7590413,-1.3201499,-0.11772844,0.7160238,-0.94851094,0.80068666,-0.64680254,0.30376977,-0.13349843,-0.13169174,0.17976499,-0.30715603,0.21233767,-0.23490477,0.08583212,-0.06293426,-0.07139842,0.058489524,-0.16183996,0.07846024,-0.13197578,0.03707897,-0.046451427,-0.056331158,0.0015030093,-0.11259912,0.03492088,-0.0830422,0.014445342,-0.055849105,-0.06243348,-0.019606143,-0.07274933,0.01595828,-0.07621333,-0.011753261,-0.052453622
58,0.99921924,1.0,0.9931074,0.9934673,0.9877105,0.98219347,0.97795993,0.9788075,0.98501307,0.9884968,0.9922101,0.99314266,6.449814e-09,6.4497683e-09,6.4496937e-09,6.449588e-09,6.4494508e-09,6.4492847e-09,6.4490884e-09,6.4488614e-09,6.4486048e-09,6.448318e-09,6.4479995e-09,6.4476526e-09,6.447275e-09,6.446868e-09,6.4464296e-09,6.4459615e-09,6.4454624e-09,6.4449353e-09,6.4443753e-09,6.4437886e-09,6.4431687e-09,6.442519e-09,6.4418395e-09,6.4411294e-09,6.4403904e-09,6.4396204e-09,6.4388215e-09,6.4379897e-09,6.43713e-09,6.436241e-09,6.4353207e-09,6.4343695e-09,6.433389e-09,6.43238e-09,6.43134e-09,6.4302683e-09,6.429169e-09,6.4280385e-09,6.4268777e-09,6.425686e-09,6.4244654e-09,6.40268e-09,6.314419e-09,6.492321e-09,6.689287e-09,6.3979364e-09,6.348502e-09,6.292485e-09,6.230543e-09,6.320538e-09,7.0234534e-09,6.108001e-09,6.023582e-09,7.0016175e-09,6.125356e-09,6.2654295e-09,6.7114927e-09,6.0149605e-09,6.7637855e-09,6.146787e-09,6.393956e-09,6.573352e-09,6.137298e-09,6.3711925e-09,6.6148576e-09,6.2669496e-09,6.312418e-09,6.342848e-09,6.3594587e-09,6.363392e-09,6.355716e-09,6.337428e-09,6.309461e-09,6.2726873e-09,6.338624e-09,6.448039e-09,6.171781e-09,6.3438694e-09,6.304564e-09,6.2682135e-09,6.2311853e-09,6.379704e-09,6.1845626e-09,6.220776e-09,6.242086e-09,6.2688614e-09,6.208366e-09,6.2453616e-09,6.202109e-09,6.165356e-09,6.1204104e-09,6.213359e-09,6.1174887e-09,6.145833e-09,6.0532637e-09,6.175252e-09,6.0600165e-09,6.0510343e-09,6.0387357e-09,6.0149157e-09,5.980609e-09,6.0466006e-09,5.9134555e-09,5.95296e-09,5.8724763e-09,5.92837e-09,5.846215e-09,5.8211564e-09,5.7902474e-09,5.7783005e-09,5.7467324e-09,5.6718905e-09,5.6947638e-09,5.622053e-09,5.586124e-09,5.549682e-09,5.5018927e-09,5.4702083e-09,5.4200107e-09,5.3712474e-09,5.3149876e-09,5.270238e-09,5.2137548e-09,5.1467275e-09,5.1159623e-09,5.0252575e-09,4.973524e-09,4.9095092e-09,-946.1156,24.785297,-19.695208,15.021776,-11.741828,9.315909,-7.640606,6.3012514,-5.3677692,4.5132637,-3.9570012,3.3601303,-2.9999235,2.5613494,-2.3274293,1.9756916,-1.8206339,1.5473012,-1.4296592,1.2106138,-1.1350994,0.93206066,-0.9026786,0.72619224,-0.69390297,0.5605166,-0.54967225,0.3972698,-0.43016696,0.2941823,-0.30201888,0.20721348,-0.23147544,0.09970352,-0.16740711,0.056500122,-0.0888367,-0.0017086565,-0.05164148,-0.048915148
59,0.9992194,1.0,0.9931074,0.9934674,0.98771054,0.98219335,0.97796005,0.97880757,0.98501307,0.9884968,0.9922101,0.99314266,1.07017994e-08,1.0701723e-08,1.0701598e-08,1.0701424e-08,1.0701197e-08,1.070092e-08,1.0700593e-08,1.0700217e-08,1.0699791e-08,1.0699314e-08,1.0698788e-08,1.0698213e-08,1.0697585e-08,1.069691e-08,1.0696182e-08,1.0695405e-08,1.0694579e-08,1.06937055e-08,1.0692774e-08,1.06918e-08,1.0690769e-08,1.0689693e-08,1.0688568e-08,1.0687388e-08,1.0686161e-08,1.0684886e-08,1.0683558e-08,1.068218e-08,1.0680754e-08,1.0679278e-08,1.0677752e-08,1.0676174e-08,1.0674547e-08,1.067287e-08,1.0671144e-08,1.0669366e-08,1.06675415e-08,1.0665664e-08,1.0663742e-08,1.0661765e-08,1.065974e-08,1.0623591e-08,1.0477144e-08,1.0772324e-08,1.1099141e-08,1.0615722e-08,1.05336975e-08,1.0440752e-08,1.0337975e-08,1.0487298e-08,1.1653605e-08,1.013465e-08,9.994578e-09,1.1617374e-08,1.0163445e-08,1.0395861e-08,1.1135986e-08,9.980273e-09,1.1222753e-08,1.0199004e-08,1.0609116e-08,1.0906778e-08,1.0183257e-08,1.05713465e-08,1.0975647e-08,1.03983835e-08,1.04738245e-08,1.0524315e-08,1.0551876e-08,1.0558403e-08,1.05456675e-08,1.0515323e-08,1.046892e-08,1.0407902e-08,1.0517308e-08,1.0698855e-08,1.0240473e-08,1.0526012e-08,1.0460793e-08,1.0400479e-08,1.033904e-08,1.0585469e-08,1.0261682e-08,1.0321769e-08,1.0357128e-08,1.0401555e-08,1.0301179e-08,1.0362563e-08,1.02907975e-08,1.0229813e-08,1.0155238e-08,1.0309463e-08,1.0150391e-08,1.0197422e-08,1.0043825e-08,1.0246232e-08,1.005503e-08,1.0040127e-08,1.001972e-08,9.980198e-09,9.923273e-09,1.0032769e-08,9.811849e-09,9.877397e-09,9.7438555e-09,9.836597e-09,9.700282e-09,9.658704e-09,9.607419e-09,9.587596e-09,9.535217e-09,9.411036e-09,9.448987e-09,9.328343e-09,9.268729e-09,9.208263e-09,9.128968e-09,9.0763965e-09,8.993107e-09,8.912196e-09,8.818848e-09,8.744596e-09,8.650877e-09,8.539663e-09,8.488616e-09,8.338115e-09,8.252277e-09,8.146062e-09,-921.5949,25.293179,-20.202555,15.528224,-12.2470255,9.819526,-8.14226,6.800597,-5.8644557,5.0069675,-4.447361,3.846836,-3.4826252,3.0397143,-2.8011577,2.4444485,-2.2841022,2.0052054,-1.881686,1.6564753,-1.5745144,1.3647594,-1.3283947,1.144657,-1.1048875,0.9637507,-0.9449465,0.7843652,-0.80885494,0.66427624,-0.66331977,0.5595433,-0.57468474,0.43360263,-0.49185878,0.3713525,-0.39399517,0.29360682,-0.337042,0.22647461
